0.93,1.5,2.17,20,0.442280723, Standard StAT for paper result. SlipP = 0.05, Floor = 1/4,,0.070817547
0.77,1.05,1.43,20,0.351507158, Standard StAT for paper result. SlipP = 0.05, Floor = 1/4,,
1.36,1.95,1.3,20,0.33083898, Standard StAT for paper result. SlipP = 0.05, Floor = 1/4,,
1.6,2.32,3.04,20,0.308644961, Standard StAT for paper result. SlipP = 0.05, Floor = 1/4,,
1.18,1.83,1.42,20,0.225846447, Standard StAT for paper result. SlipP = 0.05, Floor = 1/4,,
0.47,0.69,0.85,20,0.224409374, Standard StAT for paper result. SlipP = 0.05, Floor = 1/4,,
0.82,0.98,1.2,20,0.224264698, Standard StAT for paper result. SlipP = 0.05, Floor = 1/4,,
0.73,1.03,1.26,20,0.224056376, Standard StAT for paper result. SlipP = 0.05, Floor = 1/4,,
1.29,1.85,1.44,20,0.223568663, Standard StAT for paper result. SlipP = 0.05, Floor = 1/4,,
2.93,3.3,2.57,20,0.22152491, Standard StAT for paper result. SlipP = 0.05, Floor = 1/4,,
4.19,5.57,4.36,20,0.218318377, Standard StAT for paper result. SlipP = 0.05, Floor = 1/4,,
2.04,3.08,2.41,20,0.218047203, Standard StAT for paper result. SlipP = 0.05, Floor = 1/4,,
1.34,2.25,1.76,20,0.217895094, Standard StAT for paper result. SlipP = 0.05, Floor = 1/4,,
1.5,2.01,2.44,20,0.217835381, Standard StAT for paper result. SlipP = 0.05, Floor = 1/4,,
0.99,1.53,1.2,20,0.217408999, Standard StAT for paper result. SlipP = 0.05, Floor = 1/4,,
1,1.49,1.17,20,0.21636163, Standard StAT for paper result. SlipP = 0.05, Floor = 1/4,,
4.11,6.69,5.25,20,0.215716186, Standard StAT for paper result. SlipP = 0.05, Floor = 1/4,,
2.46,3.36,4.07,20,0.213364088, Standard StAT for paper result. SlipP = 0.05, Floor = 1/4,,
0.7,0.73,0.88,20,0.212183099, Standard StAT for paper result. SlipP = 0.05, Floor = 1/4,,
4.08,6.07,4.79,20,0.211915096, Standard StAT for paper result. SlipP = 0.05, Floor = 1/4,,
4.94,7.38,5.82,20,0.211468366, Standard StAT for paper result. SlipP = 0.05, Floor = 1/4,,
1.66,2.13,1.68,20,0.21125481, Standard StAT for paper result. SlipP = 0.05, Floor = 1/4,,
1.59,2.4,1.89,20,0.210706293, Standard StAT for paper result. SlipP = 0.05, Floor = 1/4,,
2.12,2.79,3.37,20,0.210316094, Standard StAT for paper result. SlipP = 0.05, Floor = 1/4,,
0.96,1.53,1.21,20,0.209832256, Standard StAT for paper result. SlipP = 0.05, Floor = 1/4,,
2.96,3.93,4.75,20,0.208173853, Standard StAT for paper result. SlipP = 0.05, Floor = 1/4,,
1.2,1.64,1.3,20,0.207969172, Standard StAT for paper result. SlipP = 0.05, Floor = 1/4,,
0.38,0.64,0.77,20,0.20550609, Standard StAT for paper result. SlipP = 0.05, Floor = 1/4,,
1.06,1.76,2.12,20,0.204214919, Standard StAT for paper result. SlipP = 0.05, Floor = 1/4,,
2.59,3.49,4.2,20,0.203920313, Standard StAT for paper result. SlipP = 0.05, Floor = 1/4,,
1.91,2.46,1.96,20,0.201696994, Standard StAT for paper result. SlipP = 0.05, Floor = 1/4,,
2.8,4.5,3.61,20,0.198873204, Standard StAT for paper result. SlipP = 0.05, Floor = 1/4,,
0.36,0.61,0.73,20,0.194488532, Standard StAT for paper result. SlipP = 0.05, Floor = 1/4,,
0.66,1.08,0.87,20,0.191756711, Standard StAT for paper result. SlipP = 0.05, Floor = 1/4,,
1.05,1.51,1.22,20,0.190719606, Standard StAT for paper result. SlipP = 0.05, Floor = 1/4,,
0.77,0.83,0.99,20,0.190277523, Standard StAT for paper result. SlipP = 0.05, Floor = 1/4,,
0.66,1.09,0.89,20,0.189787856, Standard StAT for paper result. SlipP = 0.05, Floor = 1/4,,
3.75,4.94,4.01,20,0.188563092, Standard StAT for paper result. SlipP = 0.05, Floor = 1/4,,
1.37,2.25,1.82,20,0.187931177, Standard StAT for paper result. SlipP = 0.05, Floor = 1/4,,
2.67,2.89,2.36,20,0.185726189, Standard StAT for paper result. SlipP = 0.05, Floor = 1/4,,
0.67,0.92,1.09,20,0.185690842, Standard StAT for paper result. SlipP = 0.05, Floor = 1/4,,
1.67,2.55,3.02,20,0.184202593, Standard StAT for paper result. SlipP = 0.05, Floor = 1/4,,
0.88,1.2,1.42,20,0.184168394, Standard StAT for paper result. SlipP = 0.05, Floor = 1/4,,
4.46,7.32,8.67,20,0.183854963, Standard StAT for paper result. SlipP = 0.05, Floor = 1/4,,
4.1,5.61,4.58,20,0.183853421, Standard StAT for paper result. SlipP = 0.05, Floor = 1/4,,
3.6,6.19,5.07,20,0.181361238, Standard StAT for paper result. SlipP = 0.05, Floor = 1/4,,
0.88,1.43,1.17,20,0.179473176, Standard StAT for paper result. SlipP = 0.05, Floor = 1/4,,
3.88,4.8,5.66,20,0.178881744, Standard StAT for paper result. SlipP = 0.05, Floor = 1/4,,
0.72,1.15,0.95,20,0.178752069, Standard StAT for paper result. SlipP = 0.05, Floor = 1/4,,
0.5,0.57,0.67,20,0.178268312, Standard StAT for paper result. SlipP = 0.05, Floor = 1/4,,
1.8,2.18,2.57,20,0.177978933, Standard StAT for paper result. SlipP = 0.05, Floor = 1/4,,
1.14,1.64,1.94,20,0.177461424, Standard StAT for paper result. SlipP = 0.05, Floor = 1/4,,
0.69,1.15,0.94,20,0.177316553, Standard StAT for paper result. SlipP = 0.05, Floor = 1/4,,
2.99,5.13,4.23,20,0.17687966, Standard StAT for paper result. SlipP = 0.05, Floor = 1/4,,
0.64,0.94,1.11,20,0.176256781, Standard StAT for paper result. SlipP = 0.05, Floor = 1/4,,
2.1,2.66,2.19,20,0.176152689, Standard StAT for paper result. SlipP = 0.05, Floor = 1/4,,
3.81,5.6,6.58,20,0.175029059, Standard StAT for paper result. SlipP = 0.05, Floor = 1/4,,
0.68,0.97,0.8,20,0.174656859, Standard StAT for paper result. SlipP = 0.05, Floor = 1/4,,
4.29,6.64,5.48,20,0.174469292, Standard StAT for paper result. SlipP = 0.05, Floor = 1/4,,
1.17,1.67,1.95,20,0.170792309, Standard StAT for paper result. SlipP = 0.05, Floor = 1/4,,
4.47,5.05,5.9,20,0.16947217, Standard StAT for paper result. SlipP = 0.05, Floor = 1/4,,
0.38,0.64,0.53,20,0.169432361, Standard StAT for paper result. SlipP = 0.05, Floor = 1/4,,
1.64,2.03,2.38,20,0.169048775, Standard StAT for paper result. SlipP = 0.05, Floor = 1/4,,
0.74,1.08,0.9,20,0.168781552, Standard StAT for paper result. SlipP = 0.05, Floor = 1/4,,
2.61,3.65,3.03,20,0.168760258, Standard StAT for paper result. SlipP = 0.05, Floor = 1/4,,
0.8,1.11,0.92,20,0.168461069, Standard StAT for paper result. SlipP = 0.05, Floor = 1/4,,
4.85,7.32,6.1,20,0.167784698, Standard StAT for paper result. SlipP = 0.05, Floor = 1/4,,
6.04,9.24,7.69,20,0.167524528, Standard StAT for paper result. SlipP = 0.05, Floor = 1/4,,
1.43,2.06,2.4,20,0.167213553, Standard StAT for paper result. SlipP = 0.05, Floor = 1/4,,
5.33,7.49,6.24,20,0.166953446, Standard StAT for paper result. SlipP = 0.05, Floor = 1/4,,
3.11,4.43,5.16,20,0.166894146, Standard StAT for paper result. SlipP = 0.05, Floor = 1/4,,
2.5,3.08,3.59,20,0.165841847, Standard StAT for paper result. SlipP = 0.05, Floor = 1/4,,
1.03,1.12,1.31,20,0.164834981, Standard StAT for paper result. SlipP = 0.05, Floor = 1/4,,
0.89,1.42,1.66,20,0.164125479, Standard StAT for paper result. SlipP = 0.05, Floor = 1/4,,
5.4,7.53,8.75,20,0.162649553, Standard StAT for paper result. SlipP = 0.05, Floor = 1/4,,
2.23,3.31,2.77,20,0.162628946, Standard StAT for paper result. SlipP = 0.05, Floor = 1/4,,
1.28,1.72,1.44,20,0.162586466, Standard StAT for paper result. SlipP = 0.05, Floor = 1/4,,
1.12,1.66,1.39,20,0.162506548, Standard StAT for paper result. SlipP = 0.05, Floor = 1/4,,
1.81,2.15,2.49,20,0.162314147, Standard StAT for paper result. SlipP = 0.05, Floor = 1/4,,
1.17,1.82,1.52,20,0.162220985, Standard StAT for paper result. SlipP = 0.05, Floor = 1/4,,
0.39,0.64,0.54,20,0.161969829, Standard StAT for paper result. SlipP = 0.05, Floor = 1/4,,
1.78,1.8,2.09,20,0.161485626, Standard StAT for paper result. SlipP = 0.05, Floor = 1/4,,
3.89,5.28,6.14,20,0.161360945, Standard StAT for paper result. SlipP = 0.05, Floor = 1/4,,
0.77,1.41,1.18,20,0.161295304, Standard StAT for paper result. SlipP = 0.05, Floor = 1/4,,
0.77,1.33,1.12,20,0.158735409, Standard StAT for paper result. SlipP = 0.05, Floor = 1/4,,
2.92,4.56,3.84,20,0.158444795, Standard StAT for paper result. SlipP = 0.05, Floor = 1/4,,
2.01,2.61,2.2,20,0.157850498, Standard StAT for paper result. SlipP = 0.05, Floor = 1/4,,
6.39,9.02,7.6,20,0.15723617, Standard StAT for paper result. SlipP = 0.05, Floor = 1/4,,
2.02,2.96,2.49,20,0.156959898, Standard StAT for paper result. SlipP = 0.05, Floor = 1/4,,
6.38,6.54,5.52,20,0.155689307, Standard StAT for paper result. SlipP = 0.05, Floor = 1/4,,
0.61,0.75,0.63,20,0.155623304, Standard StAT for paper result. SlipP = 0.05, Floor = 1/4,,
2.45,3.16,2.67,20,0.154872306, Standard StAT for paper result. SlipP = 0.05, Floor = 1/4,,
4.26,6.24,5.27,20,0.15475421, Standard StAT for paper result. SlipP = 0.05, Floor = 1/4,,
2.27,2.83,3.26,20,0.151527762, Standard StAT for paper result. SlipP = 0.05, Floor = 1/4,,
0.6,0.75,0.86,20,0.151067529, Standard StAT for paper result. SlipP = 0.05, Floor = 1/4,,
3.32,4.86,4.13,20,0.150823409, Standard StAT for paper result. SlipP = 0.05, Floor = 1/4,,
0.76,1.1,0.94,20,0.150469746, Standard StAT for paper result. SlipP = 0.05, Floor = 1/4,,
0.39,0.58,0.67,20,0.150124476, Standard StAT for paper result. SlipP = 0.05, Floor = 1/4,,
2,2.64,3.03,20,0.150064956, Standard StAT for paper result. SlipP = 0.05, Floor = 1/4,,
1.95,3.07,3.52,20,0.149518867, Standard StAT for paper result. SlipP = 0.05, Floor = 1/4,,
0.62,1.01,1.16,20,0.149088038, Standard StAT for paper result. SlipP = 0.05, Floor = 1/4,,
2.67,3.83,3.26,20,0.148770116, Standard StAT for paper result. SlipP = 0.05, Floor = 1/4,,
0.88,1.29,1.1,20,0.147695484, Standard StAT for paper result. SlipP = 0.05, Floor = 1/4,,
0.57,0.77,0.88,20,0.146854712, Standard StAT for paper result. SlipP = 0.05, Floor = 1/4,,
0.62,0.84,0.97,20,0.145367104, Standard StAT for paper result. SlipP = 0.05, Floor = 1/4,,
0.91,1.35,1.16,20,0.144739697, Standard StAT for paper result. SlipP = 0.05, Floor = 1/4,,
2.79,3.19,3.65,20,0.144204632, Standard StAT for paper result. SlipP = 0.05, Floor = 1/4,,
2.87,3.8,3.26,20,0.14329643, Standard StAT for paper result. SlipP = 0.05, Floor = 1/4,,
2.09,2.99,2.56,20,0.143170953, Standard StAT for paper result. SlipP = 0.05, Floor = 1/4,,
2.67,4.27,3.66,20,0.142183762, Standard StAT for paper result. SlipP = 0.05, Floor = 1/4,,
0.86,1.22,1.39,20,0.141903707, Standard StAT for paper result. SlipP = 0.05, Floor = 1/4,,
0.86,1.2,1.03,20,0.141862028, Standard StAT for paper result. SlipP = 0.05, Floor = 1/4,,
4.15,6.7,5.75,20,0.141674333, Standard StAT for paper result. SlipP = 0.05, Floor = 1/4,,
0.85,1.13,1.29,20,0.141564903, Standard StAT for paper result. SlipP = 0.05, Floor = 1/4,,
1.59,2.28,2.61,20,0.140872491, Standard StAT for paper result. SlipP = 0.05, Floor = 1/4,,
0.45,0.51,0.59,20,0.140821014, Standard StAT for paper result. SlipP = 0.05, Floor = 1/4,,
1.57,2.27,1.95,20,0.140704698, Standard StAT for paper result. SlipP = 0.05, Floor = 1/4,,
4.1,6.6,5.68,20,0.140400641, Standard StAT for paper result. SlipP = 0.05, Floor = 1/4,,
1.67,2.3,1.98,20,0.139492878, Standard StAT for paper result. SlipP = 0.05, Floor = 1/4,,
1.73,2.82,2.43,20,0.138922939, Standard StAT for paper result. SlipP = 0.05, Floor = 1/4,,
0.77,1.17,1,20,0.138800093, Standard StAT for paper result. SlipP = 0.05, Floor = 1/4,,
4.53,6.19,7.05,20,0.138391135, Standard StAT for paper result. SlipP = 0.05, Floor = 1/4,,
1.88,2.62,2.26,20,0.138251369, Standard StAT for paper result. SlipP = 0.05, Floor = 1/4,,
2.2,3.54,3.05,20,0.138110918, Standard StAT for paper result. SlipP = 0.05, Floor = 1/4,,
4.09,6.13,5.28,20,0.137971742, Standard StAT for paper result. SlipP = 0.05, Floor = 1/4,,
3.71,5.01,5.7,20,0.137527185, Standard StAT for paper result. SlipP = 0.05, Floor = 1/4,,
0.58,0.84,0.72,20,0.136594799, Standard StAT for paper result. SlipP = 0.05, Floor = 1/4,,
3.68,5.37,4.65,20,0.135770744, Standard StAT for paper result. SlipP = 0.05, Floor = 1/4,,
5.03,8.08,6.98,20,0.135569434, Standard StAT for paper result. SlipP = 0.05, Floor = 1/4,,
1.22,1.99,1.72,20,0.135118588, Standard StAT for paper result. SlipP = 0.05, Floor = 1/4,,
2.6,3.34,2.89,20,0.134936746, Standard StAT for paper result. SlipP = 0.05, Floor = 1/4,,
1.27,1.92,2.18,20,0.134553745, Standard StAT for paper result. SlipP = 0.05, Floor = 1/4,,
5.24,5.65,6.41,20,0.134114605, Standard StAT for paper result. SlipP = 0.05, Floor = 1/4,,
3.74,5.69,6.46,20,0.134003586, Standard StAT for paper result. SlipP = 0.05, Floor = 1/4,,
4.57,5.92,5.13,20,0.133002967, Standard StAT for paper result. SlipP = 0.05, Floor = 1/4,,
1.56,2.13,2.41,20,0.132662692, Standard StAT for paper result. SlipP = 0.05, Floor = 1/4,,
1.19,1.92,1.67,20,0.132389986, Standard StAT for paper result. SlipP = 0.05, Floor = 1/4,,
0.85,1.33,1.15,20,0.132376802, Standard StAT for paper result. SlipP = 0.05, Floor = 1/4,,
0.72,1.2,1.36,20,0.132353463, Standard StAT for paper result. SlipP = 0.05, Floor = 1/4,,
2.07,3.21,3.63,20,0.132190925, Standard StAT for paper result. SlipP = 0.05, Floor = 1/4,,
0.97,1.18,1.02,20,0.131948453, Standard StAT for paper result. SlipP = 0.05, Floor = 1/4,,
2.91,4.28,3.72,20,0.131436737, Standard StAT for paper result. SlipP = 0.05, Floor = 1/4,,
2.66,3.62,3.15,20,0.131148446, Standard StAT for paper result. SlipP = 0.05, Floor = 1/4,,
1.2,1.72,1.95,20,0.1310878, Standard StAT for paper result. SlipP = 0.05, Floor = 1/4,,
0.93,1.1,1.24,20,0.130825241, Standard StAT for paper result. SlipP = 0.05, Floor = 1/4,,
2.36,3.42,3.86,20,0.130819172, Standard StAT for paper result. SlipP = 0.05, Floor = 1/4,,
1.03,1.46,1.27,20,0.1306697, Standard StAT for paper result. SlipP = 0.05, Floor = 1/4,,
3.4,5.06,5.71,20,0.12997194, Standard StAT for paper result. SlipP = 0.05, Floor = 1/4,,
0.54,0.86,0.75,20,0.129922681, Standard StAT for paper result. SlipP = 0.05, Floor = 1/4,,
3.44,4.8,4.19,20,0.128377212, Standard StAT for paper result. SlipP = 0.05, Floor = 1/4,,
2.81,3.87,3.37,20,0.128046773, Standard StAT for paper result. SlipP = 0.05, Floor = 1/4,,
0.95,1.39,1.21,20,0.12738262, Standard StAT for paper result. SlipP = 0.05, Floor = 1/4,,
0.58,0.92,0.81,20,0.127131183, Standard StAT for paper result. SlipP = 0.05, Floor = 1/4,,
0.65,0.8,0.9,20,0.126619465, Standard StAT for paper result. SlipP = 0.05, Floor = 1/4,,
1.63,2.09,1.83,20,0.12658055, Standard StAT for paper result. SlipP = 0.05, Floor = 1/4,,
2,2.84,2.48,20,0.126503622, Standard StAT for paper result. SlipP = 0.05, Floor = 1/4,,
4.92,6.36,5.56,20,0.126187107, Standard StAT for paper result. SlipP = 0.05, Floor = 1/4,,
1.51,1.91,1.67,20,0.12614764, Standard StAT for paper result. SlipP = 0.05, Floor = 1/4,,
5.81,8.84,7.73,20,0.125660955, Standard StAT for paper result. SlipP = 0.05, Floor = 1/4,,
1.06,1.44,1.62,20,0.125600001, Standard StAT for paper result. SlipP = 0.05, Floor = 1/4,,
2.89,3.17,3.56,20,0.125226965, Standard StAT for paper result. SlipP = 0.05, Floor = 1/4,,
3.24,3.94,3.44,20,0.125111725, Standard StAT for paper result. SlipP = 0.05, Floor = 1/4,,
0.92,1.16,1.02,20,0.124619948, Standard StAT for paper result. SlipP = 0.05, Floor = 1/4,,
1.67,2.48,2.17,20,0.124087235, Standard StAT for paper result. SlipP = 0.05, Floor = 1/4,,
5.12,7.47,8.39,20,0.124062323, Standard StAT for paper result. SlipP = 0.05, Floor = 1/4,,
0.81,0.89,1,20,0.124053727, Standard StAT for paper result. SlipP = 0.05, Floor = 1/4,,
2.11,3,3.37,20,0.123031692, Standard StAT for paper result. SlipP = 0.05, Floor = 1/4,,
0.47,0.74,0.65,20,0.123022248, Standard StAT for paper result. SlipP = 0.05, Floor = 1/4,,
1.3,1.83,2.06,20,0.12301526, Standard StAT for paper result. SlipP = 0.05, Floor = 1/4,,
0.57,0.78,0.69,20,0.122933639, Standard StAT for paper result. SlipP = 0.05, Floor = 1/4,,
0.62,1,1.12,20,0.122778655, Standard StAT for paper result. SlipP = 0.05, Floor = 1/4,,
1.11,1.55,1.36,20,0.122489422, Standard StAT for paper result. SlipP = 0.05, Floor = 1/4,,
4.91,6.56,7.36,20,0.122308963, Standard StAT for paper result. SlipP = 0.05, Floor = 1/4,,
0.82,1.23,1.08,20,0.122224461, Standard StAT for paper result. SlipP = 0.05, Floor = 1/4,,
0.94,1.09,1.22,20,0.121941646, Standard StAT for paper result. SlipP = 0.05, Floor = 1/4,,
2.27,3.49,3.06,20,0.121832919, Standard StAT for paper result. SlipP = 0.05, Floor = 1/4,,
1.12,1.5,1.68,20,0.121787424, Standard StAT for paper result. SlipP = 0.05, Floor = 1/4,,
1.27,1.82,2.04,20,0.121710727, Standard StAT for paper result. SlipP = 0.05, Floor = 1/4,,
0.97,1.11,1.25,20,0.121630373, Standard StAT for paper result. SlipP = 0.05, Floor = 1/4,,
0.63,0.92,0.81,20,0.121548297, Standard StAT for paper result. SlipP = 0.05, Floor = 1/4,,
2.09,2.74,3.07,20,0.121218373, Standard StAT for paper result. SlipP = 0.05, Floor = 1/4,,
6.3,9.55,8.39,20,0.120807205, Standard StAT for paper result. SlipP = 0.05, Floor = 1/4,,
1,1.33,1.49,20,0.119821013, Standard StAT for paper result. SlipP = 0.05, Floor = 1/4,,
3.79,5.27,4.65,20,0.11937993, Standard StAT for paper result. SlipP = 0.05, Floor = 1/4,,
0.59,0.8,0.7,20,0.119298597, Standard StAT for paper result. SlipP = 0.05, Floor = 1/4,,
3.9,5.87,5.18,20,0.118375128, Standard StAT for paper result. SlipP = 0.05, Floor = 1/4,,
6.93,7.73,6.82,20,0.117654008, Standard StAT for paper result. SlipP = 0.05, Floor = 1/4,,
3.27,4.89,4.32,20,0.117245644, Standard StAT for paper result. SlipP = 0.05, Floor = 1/4,,
0.74,1.13,1.26,20,0.116992347, Standard StAT for paper result. SlipP = 0.05, Floor = 1/4,,
0.73,0.93,1.04,20,0.116932669, Standard StAT for paper result. SlipP = 0.05, Floor = 1/4,,
0.6,0.81,0.71,20,0.116848313, Standard StAT for paper result. SlipP = 0.05, Floor = 1/4,,
0.75,0.76,0.85,20,0.116631225, Standard StAT for paper result. SlipP = 0.05, Floor = 1/4,,
3.3,4.78,4.23,20,0.116223467, Standard StAT for paper result. SlipP = 0.05, Floor = 1/4,,
0.76,1.12,0.99,20,0.114922223, Standard StAT for paper result. SlipP = 0.05, Floor = 1/4,,
4.86,7.79,6.9,20,0.11429381, Standard StAT for paper result. SlipP = 0.05, Floor = 1/4,,
3.25,4.71,5.25,20,0.114179881, Standard StAT for paper result. SlipP = 0.05, Floor = 1/4,,
1.8,2.53,2.82,20,0.11409527, Standard StAT for paper result. SlipP = 0.05, Floor = 1/4,,
4.27,5.57,4.93,20,0.114051598, Standard StAT for paper result. SlipP = 0.05, Floor = 1/4,,
0.4,0.59,0.52,20,0.113987861, Standard StAT for paper result. SlipP = 0.05, Floor = 1/4,,
0.86,1.2,1.06,20,0.11398435, Standard StAT for paper result. SlipP = 0.05, Floor = 1/4,,
0.48,0.76,0.67,20,0.113332699, Standard StAT for paper result. SlipP = 0.05, Floor = 1/4,,
3.09,4.17,3.7,20,0.113324115, Standard StAT for paper result. SlipP = 0.05, Floor = 1/4,,
4.17,5.03,5.6,20,0.11314218, Standard StAT for paper result. SlipP = 0.05, Floor = 1/4,,
0.67,0.92,0.81,20,0.112761391, Standard StAT for paper result. SlipP = 0.05, Floor = 1/4,,
2.3,3.67,3.26,20,0.111874253, Standard StAT for paper result. SlipP = 0.05, Floor = 1/4,,
2.13,3.22,3.57,20,0.111092023, Standard StAT for paper result. SlipP = 0.05, Floor = 1/4,,
0.9,1.28,1.14,20,0.11065845, Standard StAT for paper result. SlipP = 0.05, Floor = 1/4,,
3.3,5.11,4.55,20,0.110291449, Standard StAT for paper result. SlipP = 0.05, Floor = 1/4,,
0.97,1.55,1.38,20,0.110038655, Standard StAT for paper result. SlipP = 0.05, Floor = 1/4,,
1.19,1.88,1.67,20,0.110006193, Standard StAT for paper result. SlipP = 0.05, Floor = 1/4,,
0.73,1.07,1.19,20,0.109905733, Standard StAT for paper result. SlipP = 0.05, Floor = 1/4,,
1.23,1.28,1.42,20,0.109693754, Standard StAT for paper result. SlipP = 0.05, Floor = 1/4,,
0.7,1.13,1.26,20,0.109400862, Standard StAT for paper result. SlipP = 0.05, Floor = 1/4,,
0.85,1.1,1.22,20,0.10917594, Standard StAT for paper result. SlipP = 0.05, Floor = 1/4,,
2.84,4.53,4.04,20,0.109029157, Standard StAT for paper result. SlipP = 0.05, Floor = 1/4,,
2.03,2.24,2.48,20,0.10902234, Standard StAT for paper result. SlipP = 0.05, Floor = 1/4,,
3.02,4.59,4.09,20,0.108754595, Standard StAT for paper result. SlipP = 0.05, Floor = 1/4,,
0.6,0.7,0.77,20,0.107890055, Standard StAT for paper result. SlipP = 0.05, Floor = 1/4,,
3.45,4.89,4.37,20,0.107327928, Standard StAT for paper result. SlipP = 0.05, Floor = 1/4,,
3.22,4.61,5.11,20,0.107325011, Standard StAT for paper result. SlipP = 0.05, Floor = 1/4,,
0.66,0.91,1,20,0.107205737, Standard StAT for paper result. SlipP = 0.05, Floor = 1/4,,
4.46,7.43,8.22,20,0.106875422, Standard StAT for paper result. SlipP = 0.05, Floor = 1/4,,
3.44,4.82,5.33,20,0.106748661, Standard StAT for paper result. SlipP = 0.05, Floor = 1/4,,
1.43,1.97,1.76,20,0.106744735, Standard StAT for paper result. SlipP = 0.05, Floor = 1/4,,
0.71,0.94,0.84,20,0.106538218, Standard StAT for paper result. SlipP = 0.05, Floor = 1/4,,
2.94,3.46,3.1,20,0.106062246, Standard StAT for paper result. SlipP = 0.05, Floor = 1/4,,
1.78,2.23,2.47,20,0.106027931, Standard StAT for paper result. SlipP = 0.05, Floor = 1/4,,
1.84,2.76,2.47,20,0.106020939, Standard StAT for paper result. SlipP = 0.05, Floor = 1/4,,
2.42,2.92,2.61,20,0.105814515, Standard StAT for paper result. SlipP = 0.05, Floor = 1/4,,
1.04,1.53,1.37,20,0.105630035, Standard StAT for paper result. SlipP = 0.05, Floor = 1/4,,
1.72,2.65,2.92,20,0.105438624, Standard StAT for paper result. SlipP = 0.05, Floor = 1/4,,
0.99,1.39,1.24,20,0.105338033, Standard StAT for paper result. SlipP = 0.05, Floor = 1/4,,
2.59,3.77,3.37,20,0.105239022, Standard StAT for paper result. SlipP = 0.05, Floor = 1/4,,
1.3,1.32,1.18,20,0.105234247, Standard StAT for paper result. SlipP = 0.05, Floor = 1/4,,
2.91,3.92,3.52,20,0.103404743, Standard StAT for paper result. SlipP = 0.05, Floor = 1/4,,
1.53,2.49,2.75,20,0.103270495, Standard StAT for paper result. SlipP = 0.05, Floor = 1/4,,
0.53,0.69,0.76,20,0.102615841, Standard StAT for paper result. SlipP = 0.05, Floor = 1/4,,
0.42,0.69,0.76,20,0.101760113, Standard StAT for paper result. SlipP = 0.05, Floor = 1/4,,
0.7,0.92,1.01,20,0.101753271, Standard StAT for paper result. SlipP = 0.05, Floor = 1/4,,
0.48,0.81,0.73,20,0.10162729, Standard StAT for paper result. SlipP = 0.05, Floor = 1/4,,
0.58,0.86,0.77,20,0.10038206, Standard StAT for paper result. SlipP = 0.05, Floor = 1/4,,
6.72,9.18,8.26,20,0.09990416, Standard StAT for paper result. SlipP = 0.05, Floor = 1/4,,
1.28,2.12,1.91,20,0.099446107, Standard StAT for paper result. SlipP = 0.05, Floor = 1/4,,
0.6,0.69,0.62,20,0.09910185, Standard StAT for paper result. SlipP = 0.05, Floor = 1/4,,
0.49,0.77,0.7,20,0.09884336, Standard StAT for paper result. SlipP = 0.05, Floor = 1/4,,
0.79,1.15,1.26,20,0.09871965, Standard StAT for paper result. SlipP = 0.05, Floor = 1/4,,
1.19,1.74,1.57,20,0.09832942, Standard StAT for paper result. SlipP = 0.05, Floor = 1/4,,
1.38,2.33,2.1,20,0.098257538, Standard StAT for paper result. SlipP = 0.05, Floor = 1/4,,
3.27,4.88,4.41,20,0.097695071, Standard StAT for paper result. SlipP = 0.05, Floor = 1/4,,
1.37,2.08,2.28,20,0.097325873, Standard StAT for paper result. SlipP = 0.05, Floor = 1/4,,
5.04,7.4,6.68,20,0.097166107, Standard StAT for paper result. SlipP = 0.05, Floor = 1/4,,
2.33,2.61,2.36,20,0.097091591, Standard StAT for paper result. SlipP = 0.05, Floor = 1/4,,
4.82,5.99,5.41,20,0.096758729, Standard StAT for paper result. SlipP = 0.05, Floor = 1/4,,
2.44,3.46,3.13,20,0.096460541, Standard StAT for paper result. SlipP = 0.05, Floor = 1/4,,
6.56,9.61,8.69,20,0.096223271, Standard StAT for paper result. SlipP = 0.05, Floor = 1/4,,
0.47,0.69,0.62,20,0.096192972, Standard StAT for paper result. SlipP = 0.05, Floor = 1/4,,
0.7,0.9,0.81,20,0.096098507, Standard StAT for paper result. SlipP = 0.05, Floor = 1/4,,
0.77,1.05,0.95,20,0.096052726, Standard StAT for paper result. SlipP = 0.05, Floor = 1/4,,
2.49,2.87,3.14,20,0.095649232, Standard StAT for paper result. SlipP = 0.05, Floor = 1/4,,
5.8,8.31,7.52,20,0.095493722, Standard StAT for paper result. SlipP = 0.05, Floor = 1/4,,
2.36,3.16,2.86,20,0.095274953, Standard StAT for paper result. SlipP = 0.05, Floor = 1/4,,
3.71,4.54,4.98,20,0.095150905, Standard StAT for paper result. SlipP = 0.05, Floor = 1/4,,
1.03,1.49,1.35,20,0.094952804, Standard StAT for paper result. SlipP = 0.05, Floor = 1/4,,
0.98,1.17,1.28,20,0.094208824, Standard StAT for paper result. SlipP = 0.05, Floor = 1/4,,
2.16,3.09,2.8,20,0.09415685, Standard StAT for paper result. SlipP = 0.05, Floor = 1/4,,
1.16,1.93,2.11,20,0.092814157, Standard StAT for paper result. SlipP = 0.05, Floor = 1/4,,
5.11,8.42,7.64,20,0.092603436, Standard StAT for paper result. SlipP = 0.05, Floor = 1/4,,
4.51,5.68,5.15,20,0.092377613, Standard StAT for paper result. SlipP = 0.05, Floor = 1/4,,
0.6,0.78,0.7,20,0.092087634, Standard StAT for paper result. SlipP = 0.05, Floor = 1/4,,
1.58,2.12,1.93,20,0.091178977, Standard StAT for paper result. SlipP = 0.05, Floor = 1/4,,
1.44,1.83,2,20,0.091019009, Standard StAT for paper result. SlipP = 0.05, Floor = 1/4,,
4.41,5.3,5.78,20,0.090951705, Standard StAT for paper result. SlipP = 0.05, Floor = 1/4,,
5.85,8.52,7.74,20,0.09067558, Standard StAT for paper result. SlipP = 0.05, Floor = 1/4,,
1.59,2.21,2.01,20,0.090425493, Standard StAT for paper result. SlipP = 0.05, Floor = 1/4,,
0.73,1.01,0.92,20,0.090400374, Standard StAT for paper result. SlipP = 0.05, Floor = 1/4,,
3.53,4.92,4.48,20,0.090374502, Standard StAT for paper result. SlipP = 0.05, Floor = 1/4,,
0.65,0.88,0.8,20,0.090334692, Standard StAT for paper result. SlipP = 0.05, Floor = 1/4,,
0.56,0.76,0.69,20,0.090207934, Standard StAT for paper result. SlipP = 0.05, Floor = 1/4,,
2.51,3.33,3.03,20,0.090092858, Standard StAT for paper result. SlipP = 0.05, Floor = 1/4,,
3.7,4.77,5.2,20,0.090065947, Standard StAT for paper result. SlipP = 0.05, Floor = 1/4,,
1.21,1.7,1.55,20,0.089747369, Standard StAT for paper result. SlipP = 0.05, Floor = 1/4,,
5.69,6.53,7.11,20,0.089688638, Standard StAT for paper result. SlipP = 0.05, Floor = 1/4,,
0.92,1.42,1.3,20,0.0894268, Standard StAT for paper result. SlipP = 0.05, Floor = 1/4,,
3.47,5.13,5.58,20,0.08918682, Standard StAT for paper result. SlipP = 0.05, Floor = 1/4,,
2.12,2.59,2.82,20,0.08907752, Standard StAT for paper result. SlipP = 0.05, Floor = 1/4,,
1.68,2.15,1.95,20,0.089055848, Standard StAT for paper result. SlipP = 0.05, Floor = 1/4,,
0.34,0.57,0.52,20,0.089019594, Standard StAT for paper result. SlipP = 0.05, Floor = 1/4,,
3.64,4.87,4.44,20,0.088877723, Standard StAT for paper result. SlipP = 0.05, Floor = 1/4,,
1.27,1.79,1.64,20,0.088076067, Standard StAT for paper result. SlipP = 0.05, Floor = 1/4,,
0.61,0.64,0.7,20,0.087949426, Standard StAT for paper result. SlipP = 0.05, Floor = 1/4,,
3.86,5.98,6.5,20,0.087256263, Standard StAT for paper result. SlipP = 0.05, Floor = 1/4,,
1.64,2.15,1.96,20,0.087040576, Standard StAT for paper result. SlipP = 0.05, Floor = 1/4,,
0.69,1.04,1.13,20,0.087037409, Standard StAT for paper result. SlipP = 0.05, Floor = 1/4,,
1.43,2.24,2.04,20,0.087029593, Standard StAT for paper result. SlipP = 0.05, Floor = 1/4,,
0.85,1.28,1.17,20,0.087028046, Standard StAT for paper result. SlipP = 0.05, Floor = 1/4,,
0.65,0.91,0.99,20,0.086668862, Standard StAT for paper result. SlipP = 0.05, Floor = 1/4,,
0.88,1,0.91,20,0.086617241, Standard StAT for paper result. SlipP = 0.05, Floor = 1/4,,
0.5,0.74,0.81,20,0.086246496, Standard StAT for paper result. SlipP = 0.05, Floor = 1/4,,
0.57,0.7,0.76,20,0.086211293, Standard StAT for paper result. SlipP = 0.05, Floor = 1/4,,
0.83,1.36,1.47,20,0.086066986, Standard StAT for paper result. SlipP = 0.05, Floor = 1/4,,
1.64,2.09,2.28,20,0.086064784, Standard StAT for paper result. SlipP = 0.05, Floor = 1/4,,
3.05,4.16,3.8,20,0.086034439, Standard StAT for paper result. SlipP = 0.05, Floor = 1/4,,
0.65,0.88,0.81,20,0.085789003, Standard StAT for paper result. SlipP = 0.05, Floor = 1/4,,
6.53,9.06,9.84,20,0.085706473, Standard StAT for paper result. SlipP = 0.05, Floor = 1/4,,
3.55,5.56,6.04,20,0.085522366, Standard StAT for paper result. SlipP = 0.05, Floor = 1/4,,
5.34,7.58,6.93,20,0.085493171, Standard StAT for paper result. SlipP = 0.05, Floor = 1/4,,
0.84,1.4,1.28,20,0.085486998, Standard StAT for paper result. SlipP = 0.05, Floor = 1/4,,
3.76,5.43,5.89,20,0.084922866, Standard StAT for paper result. SlipP = 0.05, Floor = 1/4,,
5.94,7.42,6.79,20,0.084753531, Standard StAT for paper result. SlipP = 0.05, Floor = 1/4,,
2.13,3.39,3.1,20,0.084743394, Standard StAT for paper result. SlipP = 0.05, Floor = 1/4,,
3.29,3.82,4.14,20,0.084714121, Standard StAT for paper result. SlipP = 0.05, Floor = 1/4,,
0.66,0.92,1,20,0.084708934, Standard StAT for paper result. SlipP = 0.05, Floor = 1/4,,
0.43,0.58,0.63,20,0.084631595, Standard StAT for paper result. SlipP = 0.05, Floor = 1/4,,
1.71,2.42,2.22,20,0.084628582, Standard StAT for paper result. SlipP = 0.05, Floor = 1/4,,
2.24,3.02,2.76,20,0.084426673, Standard StAT for paper result. SlipP = 0.05, Floor = 1/4,,
0.65,1.07,1.16,20,0.084395538, Standard StAT for paper result. SlipP = 0.05, Floor = 1/4,,
0.62,0.94,1.02,20,0.083844323, Standard StAT for paper result. SlipP = 0.05, Floor = 1/4,,
1.04,1.59,1.46,20,0.08310992, Standard StAT for paper result. SlipP = 0.05, Floor = 1/4,,
1.66,2.71,2.49,20,0.083035349, Standard StAT for paper result. SlipP = 0.05, Floor = 1/4,,
7.44,9.87,9.06,20,0.082786073, Standard StAT for paper result. SlipP = 0.05, Floor = 1/4,,
1.99,2.73,2.51,20,0.082725054, Standard StAT for paper result. SlipP = 0.05, Floor = 1/4,,
2.71,3.76,3.45,20,0.082651477, Standard StAT for paper result. SlipP = 0.05, Floor = 1/4,,
1.91,2.74,2.51,20,0.082647927, Standard StAT for paper result. SlipP = 0.05, Floor = 1/4,,
0.37,0.57,0.52,20,0.082560668, Standard StAT for paper result. SlipP = 0.05, Floor = 1/4,,
1.06,1.64,1.51,20,0.082457651, Standard StAT for paper result. SlipP = 0.05, Floor = 1/4,,
1.22,1.68,1.54,20,0.082449192, Standard StAT for paper result. SlipP = 0.05, Floor = 1/4,,
2.74,4,3.67,20,0.082431612, Standard StAT for paper result. SlipP = 0.05, Floor = 1/4,,
1.93,2.46,2.67,20,0.082267071, Standard StAT for paper result. SlipP = 0.05, Floor = 1/4,,
1.5,1.99,2.16,20,0.082124414, Standard StAT for paper result. SlipP = 0.05, Floor = 1/4,,
3.29,3.31,3.03,20,0.082054645, Standard StAT for paper result. SlipP = 0.05, Floor = 1/4,,
1.75,2.52,2.32,20,0.081988858, Standard StAT for paper result. SlipP = 0.05, Floor = 1/4,,
0.89,1.12,1.22,20,0.081740521, Standard StAT for paper result. SlipP = 0.05, Floor = 1/4,,
3.37,4.57,4.2,20,0.081684842, Standard StAT for paper result. SlipP = 0.05, Floor = 1/4,,
2.3,3.57,3.28,20,0.081503421, Standard StAT for paper result. SlipP = 0.05, Floor = 1/4,,
4.71,5.66,5.2,20,0.081478124, Standard StAT for paper result. SlipP = 0.05, Floor = 1/4,,
2.07,2.27,2.09,20,0.08142971, Standard StAT for paper result. SlipP = 0.05, Floor = 1/4,,
0.45,0.65,0.71,20,0.081385189, Standard StAT for paper result. SlipP = 0.05, Floor = 1/4,,
1.57,2.52,2.31,20,0.081264479, Standard StAT for paper result. SlipP = 0.05, Floor = 1/4,,
1.77,2.05,2.21,20,0.081241107, Standard StAT for paper result. SlipP = 0.05, Floor = 1/4,,
1.29,1.77,1.91,20,0.081223548, Standard StAT for paper result. SlipP = 0.05, Floor = 1/4,,
3.88,6.76,6.21,20,0.081045102, Standard StAT for paper result. SlipP = 0.05, Floor = 1/4,,
1.16,1.35,1.24,20,0.080957005, Standard StAT for paper result. SlipP = 0.05, Floor = 1/4,,
1.74,2.07,1.9,20,0.080905669, Standard StAT for paper result. SlipP = 0.05, Floor = 1/4,,
0.48,0.52,0.56,20,0.080676962, Standard StAT for paper result. SlipP = 0.05, Floor = 1/4,,
1.58,2.4,2.59,20,0.080607562, Standard StAT for paper result. SlipP = 0.05, Floor = 1/4,,
3.55,5.1,4.69,20,0.080476877, Standard StAT for paper result. SlipP = 0.05, Floor = 1/4,,
1.85,2.21,2.39,20,0.079671944, Standard StAT for paper result. SlipP = 0.05, Floor = 1/4,,
0.35,0.5,0.54,20,0.079541825, Standard StAT for paper result. SlipP = 0.05, Floor = 1/4,,
3.21,3.41,3.68,20,0.079531005, Standard StAT for paper result. SlipP = 0.05, Floor = 1/4,,
1.45,1.77,1.63,20,0.07927745, Standard StAT for paper result. SlipP = 0.05, Floor = 1/4,,
2.22,2.7,2.92,20,0.079229966, Standard StAT for paper result. SlipP = 0.05, Floor = 1/4,,
1.46,1.8,1.94,20,0.079181658, Standard StAT for paper result. SlipP = 0.05, Floor = 1/4,,
1.98,2.43,2.24,20,0.079012467, Standard StAT for paper result. SlipP = 0.05, Floor = 1/4,,
0.72,1.07,0.98,20,0.078131231, Standard StAT for paper result. SlipP = 0.05, Floor = 1/4,,
5.43,6.06,6.53,20,0.078074689, Standard StAT for paper result. SlipP = 0.05, Floor = 1/4,,
1.23,1.45,1.57,20,0.077903115, Standard StAT for paper result. SlipP = 0.05, Floor = 1/4,,
2.93,3.58,3.85,20,0.077766272, Standard StAT for paper result. SlipP = 0.05, Floor = 1/4,,
0.65,0.68,0.74,20,0.077557469, Standard StAT for paper result. SlipP = 0.05, Floor = 1/4,,
6.57,8.88,9.57,20,0.077503813, Standard StAT for paper result. SlipP = 0.05, Floor = 1/4,,
0.9,1.03,1.11,20,0.076945913, Standard StAT for paper result. SlipP = 0.05, Floor = 1/4,,
1.27,1.7,1.57,20,0.076732359, Standard StAT for paper result. SlipP = 0.05, Floor = 1/4,,
1.92,2.42,2.61,20,0.076378173, Standard StAT for paper result. SlipP = 0.05, Floor = 1/4,,
7.42,7.52,8.09,20,0.076314513, Standard StAT for paper result. SlipP = 0.05, Floor = 1/4,,
7.36,8.79,9.46,20,0.075972272, Standard StAT for paper result. SlipP = 0.05, Floor = 1/4,,
5.77,8.75,9.42,20,0.075947133, Standard StAT for paper result. SlipP = 0.05, Floor = 1/4,,
2.2,2.9,2.69,20,0.07544227, Standard StAT for paper result. SlipP = 0.05, Floor = 1/4,,
1.82,2.05,2.2,20,0.075392858, Standard StAT for paper result. SlipP = 0.05, Floor = 1/4,,
3.02,4.53,4.88,20,0.075108082, Standard StAT for paper result. SlipP = 0.05, Floor = 1/4,,
0.62,1.13,1.22,20,0.075038947, Standard StAT for paper result. SlipP = 0.05, Floor = 1/4,,
1.42,1.43,1.32,20,0.074956331, Standard StAT for paper result. SlipP = 0.05, Floor = 1/4,,
3.94,4.71,4.36,20,0.074931081, Standard StAT for paper result. SlipP = 0.05, Floor = 1/4,,
1.23,1.79,1.65,20,0.074880801, Standard StAT for paper result. SlipP = 0.05, Floor = 1/4,,
1.45,1.78,1.64,20,0.074841503, Standard StAT for paper result. SlipP = 0.05, Floor = 1/4,,
1.6,2.02,2.17,20,0.074678787, Standard StAT for paper result. SlipP = 0.05, Floor = 1/4,,
0.37,0.61,0.57,20,0.074364127, Standard StAT for paper result. SlipP = 0.05, Floor = 1/4,,
3.46,5.36,5.75,20,0.074332393, Standard StAT for paper result. SlipP = 0.05, Floor = 1/4,,
2.06,3.18,2.94,20,0.074316659, Standard StAT for paper result. SlipP = 0.05, Floor = 1/4,,
0.81,1.32,1.42,20,0.074082201, Standard StAT for paper result. SlipP = 0.05, Floor = 1/4,,
4.63,6.48,6,20,0.073832966, Standard StAT for paper result. SlipP = 0.05, Floor = 1/4,,
1.06,1.36,1.26,20,0.072252605, Standard StAT for paper result. SlipP = 0.05, Floor = 1/4,,
2.43,3.14,3.37,20,0.072094391, Standard StAT for paper result. SlipP = 0.05, Floor = 1/4,,
0.97,1.36,1.26,20,0.071634548, Standard StAT for paper result. SlipP = 0.05, Floor = 1/4,,
1.43,1.97,2.11,20,0.071530827, Standard StAT for paper result. SlipP = 0.05, Floor = 1/4,,
0.45,0.64,0.59,20,0.071500812, Standard StAT for paper result. SlipP = 0.05, Floor = 1/4,,
1.67,2.27,2.43,20,0.070996512, Standard StAT for paper result. SlipP = 0.05, Floor = 1/4,,
1.05,1.66,1.54,20,0.070957292, Standard StAT for paper result. SlipP = 0.05, Floor = 1/4,,
2.39,3.36,3.6,20,0.070866169, Standard StAT for paper result. SlipP = 0.05, Floor = 1/4,,
1.1,1.74,1.61,20,0.070841411, Standard StAT for paper result. SlipP = 0.05, Floor = 1/4,,
2.23,3.33,3.56,20,0.07073638, Standard StAT for paper result. SlipP = 0.05, Floor = 1/4,,
1.4,2.19,2.03,20,0.070562733, Standard StAT for paper result. SlipP = 0.05, Floor = 1/4,,
1.99,2.73,2.54,20,0.07055741, Standard StAT for paper result. SlipP = 0.05, Floor = 1/4,,
1.69,2.66,2.84,20,0.070520157, Standard StAT for paper result. SlipP = 0.05, Floor = 1/4,,
1.98,2.44,2.26,20,0.07029187, Standard StAT for paper result. SlipP = 0.05, Floor = 1/4,,
1,1.56,1.67,20,0.069501422, Standard StAT for paper result. SlipP = 0.05, Floor = 1/4,,
0.73,0.97,1.04,20,0.069443669, Standard StAT for paper result. SlipP = 0.05, Floor = 1/4,,
5.12,7.03,6.55,20,0.069436705, Standard StAT for paper result. SlipP = 0.05, Floor = 1/4,,
0.77,1.05,1.12,20,0.069422727, Standard StAT for paper result. SlipP = 0.05, Floor = 1/4,,
2.07,2.66,2.47,20,0.069137477, Standard StAT for paper result. SlipP = 0.05, Floor = 1/4,,
0.49,0.68,0.63,20,0.069014927, Standard StAT for paper result. SlipP = 0.05, Floor = 1/4,,
5.35,7.64,7.11,20,0.068486123, Standard StAT for paper result. SlipP = 0.05, Floor = 1/4,,
1.32,1.52,1.42,20,0.068440506, Standard StAT for paper result. SlipP = 0.05, Floor = 1/4,,
2.48,3.39,3.16,20,0.068332763, Standard StAT for paper result. SlipP = 0.05, Floor = 1/4,,
3.57,5.8,6.19,20,0.06792305, Standard StAT for paper result. SlipP = 0.05, Floor = 1/4,,
1.72,2.84,3.03,20,0.067816267, Standard StAT for paper result. SlipP = 0.05, Floor = 1/4,,
3.09,4.63,4.32,20,0.067805531, Standard StAT for paper result. SlipP = 0.05, Floor = 1/4,,
5.4,6.42,6.85,20,0.067801817, Standard StAT for paper result. SlipP = 0.05, Floor = 1/4,,
3.48,4.57,4.88,20,0.067316733, Standard StAT for paper result. SlipP = 0.05, Floor = 1/4,,
0.49,0.74,0.69,20,0.067184395, Standard StAT for paper result. SlipP = 0.05, Floor = 1/4,,
2.08,3.31,3.09,20,0.066885498, Standard StAT for paper result. SlipP = 0.05, Floor = 1/4,,
3.72,4.92,4.59,20,0.066210831, Standard StAT for paper result. SlipP = 0.05, Floor = 1/4,,
5.56,8.16,7.62,20,0.066127149, Standard StAT for paper result. SlipP = 0.05, Floor = 1/4,,
1.4,1.77,1.66,20,0.065987283, Standard StAT for paper result. SlipP = 0.05, Floor = 1/4,,
0.88,1.46,1.36,20,0.065970623, Standard StAT for paper result. SlipP = 0.05, Floor = 1/4,,
1.23,1.61,1.5,20,0.065854361, Standard StAT for paper result. SlipP = 0.05, Floor = 1/4,,
0.87,1.47,1.37,20,0.065845082, Standard StAT for paper result. SlipP = 0.05, Floor = 1/4,,
4.02,5.45,5.81,20,0.065818621, Standard StAT for paper result. SlipP = 0.05, Floor = 1/4,,
0.8,1.18,1.1,20,0.065786796, Standard StAT for paper result. SlipP = 0.05, Floor = 1/4,,
0.87,1.24,1.16,20,0.065752356, Standard StAT for paper result. SlipP = 0.05, Floor = 1/4,,
0.47,0.67,0.72,20,0.065675652, Standard StAT for paper result. SlipP = 0.05, Floor = 1/4,,
1.09,1.3,1.39,20,0.065605038, Standard StAT for paper result. SlipP = 0.05, Floor = 1/4,,
0.65,0.91,0.97,20,0.065604607, Standard StAT for paper result. SlipP = 0.05, Floor = 1/4,,
0.41,0.56,0.6,20,0.065602837, Standard StAT for paper result. SlipP = 0.05, Floor = 1/4,,
1.35,2.01,2.14,20,0.065178112, Standard StAT for paper result. SlipP = 0.05, Floor = 1/4,,
1.67,1.86,1.74,20,0.065141601, Standard StAT for paper result. SlipP = 0.05, Floor = 1/4,,
3.4,3.87,3.61,20,0.065100341, Standard StAT for paper result. SlipP = 0.05, Floor = 1/4,,
1.2,1.82,1.71,20,0.065079518, Standard StAT for paper result. SlipP = 0.05, Floor = 1/4,,
1.67,2.7,2.52,20,0.064414909, Standard StAT for paper result. SlipP = 0.05, Floor = 1/4,,
0.69,1.1,1.03,20,0.064258171, Standard StAT for paper result. SlipP = 0.05, Floor = 1/4,,
2.45,3.06,2.86,20,0.064081146, Standard StAT for paper result. SlipP = 0.05, Floor = 1/4,,
1.83,2.32,2.47,20,0.063771055, Standard StAT for paper result. SlipP = 0.05, Floor = 1/4,,
6.91,8.46,7.93,20,0.063492018, Standard StAT for paper result. SlipP = 0.05, Floor = 1/4,,
1.04,1.27,1.19,20,0.063239224, Standard StAT for paper result. SlipP = 0.05, Floor = 1/4,,
1.84,2.85,2.67,20,0.062979522, Standard StAT for paper result. SlipP = 0.05, Floor = 1/4,,
0.4,0.59,0.55,20,0.06280727, Standard StAT for paper result. SlipP = 0.05, Floor = 1/4,,
1.13,1.5,1.41,20,0.062696601, Standard StAT for paper result. SlipP = 0.05, Floor = 1/4,,
1,1.32,1.41,20,0.062684924, Standard StAT for paper result. SlipP = 0.05, Floor = 1/4,,
4.18,5.93,5.56,20,0.062579454, Standard StAT for paper result. SlipP = 0.05, Floor = 1/4,,
0.54,0.85,0.9,20,0.062555965, Standard StAT for paper result. SlipP = 0.05, Floor = 1/4,,
3.94,7.01,6.58,20,0.062385597, Standard StAT for paper result. SlipP = 0.05, Floor = 1/4,,
2.72,3.6,3.82,20,0.062380348, Standard StAT for paper result. SlipP = 0.05, Floor = 1/4,,
2.12,2.94,2.76,20,0.06236346, Standard StAT for paper result. SlipP = 0.05, Floor = 1/4,,
2.38,2.56,2.4,20,0.062344126, Standard StAT for paper result. SlipP = 0.05, Floor = 1/4,,
0.65,0.78,0.73,20,0.062140392, Standard StAT for paper result. SlipP = 0.05, Floor = 1/4,,
0.97,1.39,1.48,20,0.061935191, Standard StAT for paper result. SlipP = 0.05, Floor = 1/4,,
1.41,1.8,1.91,20,0.061476273, Standard StAT for paper result. SlipP = 0.05, Floor = 1/4,,
5.33,6.72,7.13,20,0.0612771, Standard StAT for paper result. SlipP = 0.05, Floor = 1/4,,
0.42,0.57,0.61,20,0.061226203, Standard StAT for paper result. SlipP = 0.05, Floor = 1/4,,
0.65,0.98,0.92,20,0.061184124, Standard StAT for paper result. SlipP = 0.05, Floor = 1/4,,
2.26,3.11,2.92,20,0.06112671, Standard StAT for paper result. SlipP = 0.05, Floor = 1/4,,
3.12,3.96,4.2,20,0.061022815, Standard StAT for paper result. SlipP = 0.05, Floor = 1/4,,
2,2.26,2.39,20,0.060799844, Standard StAT for paper result. SlipP = 0.05, Floor = 1/4,,
3.39,5.38,5.7,20,0.0607568, Standard StAT for paper result. SlipP = 0.05, Floor = 1/4,,
6.79,8.17,7.67,20,0.060650717, Standard StAT for paper result. SlipP = 0.05, Floor = 1/4,,
7.75,8.42,8.93,20,0.060609702, Standard StAT for paper result. SlipP = 0.05, Floor = 1/4,,
5.04,6.02,6.38,20,0.060550651, Standard StAT for paper result. SlipP = 0.05, Floor = 1/4,,
1.85,2.63,2.47,20,0.060454341, Standard StAT for paper result. SlipP = 0.05, Floor = 1/4,,
2.45,4.03,3.79,20,0.059903294, Standard StAT for paper result. SlipP = 0.05, Floor = 1/4,,
1.5,1.77,1.87,20,0.05990255, Standard StAT for paper result. SlipP = 0.05, Floor = 1/4,,
5.78,7.76,7.29,20,0.059836347, Standard StAT for paper result. SlipP = 0.05, Floor = 1/4,,
0.42,0.53,0.56,20,0.059608439, Standard StAT for paper result. SlipP = 0.05, Floor = 1/4,,
1.58,2.23,2.37,20,0.059429329, Standard StAT for paper result. SlipP = 0.05, Floor = 1/4,,
1.67,2.3,2.43,20,0.059299477, Standard StAT for paper result. SlipP = 0.05, Floor = 1/4,,
0.92,1.34,1.26,20,0.059124237, Standard StAT for paper result. SlipP = 0.05, Floor = 1/4,,
0.34,0.51,0.54,20,0.059034078, Standard StAT for paper result. SlipP = 0.05, Floor = 1/4,,
0.51,0.62,0.59,20,0.058755792, Standard StAT for paper result. SlipP = 0.05, Floor = 1/4,,
3.82,5.14,4.84,20,0.058623097, Standard StAT for paper result. SlipP = 0.05, Floor = 1/4,,
0.78,1.15,1.22,20,0.058611969, Standard StAT for paper result. SlipP = 0.05, Floor = 1/4,,
1.11,1.71,1.61,20,0.058490921, Standard StAT for paper result. SlipP = 0.05, Floor = 1/4,,
6.42,9.71,9.14,20,0.058372475, Standard StAT for paper result. SlipP = 0.05, Floor = 1/4,,
1.69,2.55,2.4,20,0.058226837, Standard StAT for paper result. SlipP = 0.05, Floor = 1/4,,
2.03,2.75,2.59,20,0.057872148, Standard StAT for paper result. SlipP = 0.05, Floor = 1/4,,
0.82,1.13,1.06,20,0.057681638, Standard StAT for paper result. SlipP = 0.05, Floor = 1/4,,
1.9,2.53,2.67,20,0.05765513, Standard StAT for paper result. SlipP = 0.05, Floor = 1/4,,
1.03,1.35,1.43,20,0.057586914, Standard StAT for paper result. SlipP = 0.05, Floor = 1/4,,
0.43,0.58,0.61,20,0.057518292, Standard StAT for paper result. SlipP = 0.05, Floor = 1/4,,
0.49,0.65,0.62,20,0.057334609, Standard StAT for paper result. SlipP = 0.05, Floor = 1/4,,
3.12,3.63,3.84,20,0.056881135, Standard StAT for paper result. SlipP = 0.05, Floor = 1/4,,
2.51,3.04,2.86,20,0.056798617, Standard StAT for paper result. SlipP = 0.05, Floor = 1/4,,
5.82,7.45,7.87,20,0.056796793, Standard StAT for paper result. SlipP = 0.05, Floor = 1/4,,
3.77,4.59,4.33,20,0.056688765, Standard StAT for paper result. SlipP = 0.05, Floor = 1/4,,
2.38,3.34,3.15,20,0.056610623, Standard StAT for paper result. SlipP = 0.05, Floor = 1/4,,
6.02,8.63,8.15,20,0.056468059, Standard StAT for paper result. SlipP = 0.05, Floor = 1/4,,
6.1,8.57,8.09,20,0.056390145, Standard StAT for paper result. SlipP = 0.05, Floor = 1/4,,
0.52,0.74,0.7,20,0.056238555, Standard StAT for paper result. SlipP = 0.05, Floor = 1/4,,
0.54,0.86,0.91,20,0.056222892, Standard StAT for paper result. SlipP = 0.05, Floor = 1/4,,
1.24,1.68,1.58,20,0.056049027, Standard StAT for paper result. SlipP = 0.05, Floor = 1/4,,
7.15,9.82,9.27,20,0.056030623, Standard StAT for paper result. SlipP = 0.05, Floor = 1/4,,
1.25,1.88,1.77,20,0.055709482, Standard StAT for paper result. SlipP = 0.05, Floor = 1/4,,
2.92,4.33,4.57,20,0.055635346, Standard StAT for paper result. SlipP = 0.05, Floor = 1/4,,
1.24,1.37,1.45,20,0.055626283, Standard StAT for paper result. SlipP = 0.05, Floor = 1/4,,
6.45,8.11,7.66,20,0.055423939, Standard StAT for paper result. SlipP = 0.05, Floor = 1/4,,
4.11,4.59,4.84,20,0.055269125, Standard StAT for paper result. SlipP = 0.05, Floor = 1/4,,
2.16,2.84,2.99,20,0.055195607, Standard StAT for paper result. SlipP = 0.05, Floor = 1/4,,
2.1,3.13,3.3,20,0.054822644, Standard StAT for paper result. SlipP = 0.05, Floor = 1/4,,
1,1.1,1.04,20,0.054488977, Standard StAT for paper result. SlipP = 0.05, Floor = 1/4,,
5.85,7.31,7.71,20,0.054484851, Standard StAT for paper result. SlipP = 0.05, Floor = 1/4,,
0.97,1.51,1.43,20,0.054338778, Standard StAT for paper result. SlipP = 0.05, Floor = 1/4,,
0.4,0.63,0.66,20,0.05423157, Standard StAT for paper result. SlipP = 0.05, Floor = 1/4,,
0.69,1.05,1.11,20,0.053839373, Standard StAT for paper result. SlipP = 0.05, Floor = 1/4,,
2.8,3.8,4.01,20,0.053751353, Standard StAT for paper result. SlipP = 0.05, Floor = 1/4,,
2.22,3.19,3.02,20,0.05372186, Standard StAT for paper result. SlipP = 0.05, Floor = 1/4,,
1.72,2.44,2.31,20,0.05371875, Standard StAT for paper result. SlipP = 0.05, Floor = 1/4,,
0.66,0.82,0.86,20,0.053688213, Standard StAT for paper result. SlipP = 0.05, Floor = 1/4,,
1.9,2.89,3.05,20,0.053490843, Standard StAT for paper result. SlipP = 0.05, Floor = 1/4,,
6.32,9.68,9.16,20,0.053270959, Standard StAT for paper result. SlipP = 0.05, Floor = 1/4,,
4.08,5.63,5.93,20,0.053182964, Standard StAT for paper result. SlipP = 0.05, Floor = 1/4,,
4.88,6.9,7.26,20,0.052921258, Standard StAT for paper result. SlipP = 0.05, Floor = 1/4,,
2.32,3.84,3.64,20,0.052885865, Standard StAT for paper result. SlipP = 0.05, Floor = 1/4,,
1.58,2.29,2.17,20,0.052832904, Standard StAT for paper result. SlipP = 0.05, Floor = 1/4,,
2.45,2.66,2.81,20,0.052715086, Standard StAT for paper result. SlipP = 0.05, Floor = 1/4,,
0.72,1,1.05,20,0.052576441, Standard StAT for paper result. SlipP = 0.05, Floor = 1/4,,
1.4,2.11,2,20,0.052397167, Standard StAT for paper result. SlipP = 0.05, Floor = 1/4,,
0.79,1.05,1.1,20,0.05236139, Standard StAT for paper result. SlipP = 0.05, Floor = 1/4,,
1.47,2.06,2.16,20,0.052084609, Standard StAT for paper result. SlipP = 0.05, Floor = 1/4,,
2.23,3.01,2.86,20,0.05207824, Standard StAT for paper result. SlipP = 0.05, Floor = 1/4,,
4.45,4.93,4.68,20,0.051969519, Standard StAT for paper result. SlipP = 0.05, Floor = 1/4,,
2.99,4.47,4.7,20,0.051960708, Standard StAT for paper result. SlipP = 0.05, Floor = 1/4,,
0.9,1.22,1.15,20,0.051833186, Standard StAT for paper result. SlipP = 0.05, Floor = 1/4,,
3.78,6.34,6.01,20,0.051473916, Standard StAT for paper result. SlipP = 0.05, Floor = 1/4,,
0.65,0.78,0.82,20,0.051275, Standard StAT for paper result. SlipP = 0.05, Floor = 1/4,,
0.61,0.87,0.83,20,0.050861116, Standard StAT for paper result. SlipP = 0.05, Floor = 1/4,,
2.42,3.31,3.14,20,0.050836176, Standard StAT for paper result. SlipP = 0.05, Floor = 1/4,,
1.01,1.32,1.25,20,0.050828207, Standard StAT for paper result. SlipP = 0.05, Floor = 1/4,,
1.65,2.13,2.23,20,0.050745514, Standard StAT for paper result. SlipP = 0.05, Floor = 1/4,,
1.48,1.94,2.04,20,0.050707871, Standard StAT for paper result. SlipP = 0.05, Floor = 1/4,,
1.21,1.6,1.68,20,0.050644958, Standard StAT for paper result. SlipP = 0.05, Floor = 1/4,,
0.62,0.77,0.73,20,0.050637371, Standard StAT for paper result. SlipP = 0.05, Floor = 1/4,,
1.22,1.84,1.75,20,0.050365394, Standard StAT for paper result. SlipP = 0.05, Floor = 1/4,,
5.58,6.66,7,20,0.050321557, Standard StAT for paper result. SlipP = 0.05, Floor = 1/4,,
2.27,3.19,3.35,20,0.050304131, Standard StAT for paper result. SlipP = 0.05, Floor = 1/4,,
1.13,1.92,2.01,20,0.050302372, Standard StAT for paper result. SlipP = 0.05, Floor = 1/4,,
6.53,8.34,7.93,20,0.050175075, Standard StAT for paper result. SlipP = 0.05, Floor = 1/4,,
1.55,2.13,2.03,20,0.05010701, Standard StAT for paper result. SlipP = 0.05, Floor = 1/4,,
5.35,7.17,6.81,20,0.050086674, Standard StAT for paper result. SlipP = 0.05, Floor = 1/4,,
0.64,1,1.05,20,0.050078422, Standard StAT for paper result. SlipP = 0.05, Floor = 1/4,,
2.69,2.83,2.69,20,0.049919974, Standard StAT for paper result. SlipP = 0.05, Floor = 1/4,,
0.65,1.06,1.11,20,0.049512487, Standard StAT for paper result. SlipP = 0.05, Floor = 1/4,,
0.78,1.16,1.1,20,0.049443853, Standard StAT for paper result. SlipP = 0.05, Floor = 1/4,,
1.44,2.2,2.09,20,0.049410419, Standard StAT for paper result. SlipP = 0.05, Floor = 1/4,,
3.07,4.36,4.57,20,0.049285646, Standard StAT for paper result. SlipP = 0.05, Floor = 1/4,,
2.94,3.22,3.38,20,0.048926082, Standard StAT for paper result. SlipP = 0.05, Floor = 1/4,,
0.48,0.63,0.66,20,0.048718312, Standard StAT for paper result. SlipP = 0.05, Floor = 1/4,,
1.6,2.49,2.61,20,0.048582702, Standard StAT for paper result. SlipP = 0.05, Floor = 1/4,,
3.48,4.25,4.05,20,0.048491683, Standard StAT for paper result. SlipP = 0.05, Floor = 1/4,,
2.37,3.48,3.31,20,0.048466827, Standard StAT for paper result. SlipP = 0.05, Floor = 1/4,,
7.36,9.99,9.51,20,0.048345695, Standard StAT for paper result. SlipP = 0.05, Floor = 1/4,,
0.59,0.85,0.81,20,0.048247289, Standard StAT for paper result. SlipP = 0.05, Floor = 1/4,,
1.04,1.35,1.41,20,0.048209288, Standard StAT for paper result. SlipP = 0.05, Floor = 1/4,,
1.4,2.04,2.13,20,0.048056652, Standard StAT for paper result. SlipP = 0.05, Floor = 1/4,,
0.36,0.54,0.57,20,0.048024768, Standard StAT for paper result. SlipP = 0.05, Floor = 1/4,,
2.18,3.54,3.37,20,0.047601338, Standard StAT for paper result. SlipP = 0.05, Floor = 1/4,,
4.63,6.95,6.62,20,0.047489342, Standard StAT for paper result. SlipP = 0.05, Floor = 1/4,,
1.93,3.13,2.98,20,0.047219946, Standard StAT for paper result. SlipP = 0.05, Floor = 1/4,,
1.91,2.23,2.12,20,0.047167427, Standard StAT for paper result. SlipP = 0.05, Floor = 1/4,,
0.33,0.51,0.53,20,0.047073422, Standard StAT for paper result. SlipP = 0.05, Floor = 1/4,,
0.44,0.63,0.66,20,0.046876069, Standard StAT for paper result. SlipP = 0.05, Floor = 1/4,,
2.16,2.76,2.63,20,0.046713566, Standard StAT for paper result. SlipP = 0.05, Floor = 1/4,,
1.05,1.57,1.64,20,0.046359031, Standard StAT for paper result. SlipP = 0.05, Floor = 1/4,,
5.65,7.95,8.32,20,0.046287161, Standard StAT for paper result. SlipP = 0.05, Floor = 1/4,,
5.13,7.3,6.97,20,0.045749854, Standard StAT for paper result. SlipP = 0.05, Floor = 1/4,,
1.49,1.93,1.85,20,0.045577564, Standard StAT for paper result. SlipP = 0.05, Floor = 1/4,,
2.62,3.87,3.69,20,0.045457629, Standard StAT for paper result. SlipP = 0.05, Floor = 1/4,,
2.19,3.38,3.53,20,0.045316233, Standard StAT for paper result. SlipP = 0.05, Floor = 1/4,,
0.59,0.76,0.73,20,0.045109071, Standard StAT for paper result. SlipP = 0.05, Floor = 1/4,,
5.52,7.51,7.85,20,0.044909884, Standard StAT for paper result. SlipP = 0.05, Floor = 1/4,,
0.38,0.54,0.56,20,0.044828578, Standard StAT for paper result. SlipP = 0.05, Floor = 1/4,,
1.46,2.01,2.1,20,0.044541814, Standard StAT for paper result. SlipP = 0.05, Floor = 1/4,,
1.58,2.39,2.49,20,0.044059576, Standard StAT for paper result. SlipP = 0.05, Floor = 1/4,,
0.82,0.9,0.86,20,0.043008688, Standard StAT for paper result. SlipP = 0.05, Floor = 1/4,,
5.46,6.02,6.28,20,0.042739167, Standard StAT for paper result. SlipP = 0.05, Floor = 1/4,,
0.89,1.36,1.42,20,0.042718579, Standard StAT for paper result. SlipP = 0.05, Floor = 1/4,,
0.96,1.38,1.32,20,0.042713527, Standard StAT for paper result. SlipP = 0.05, Floor = 1/4,,
0.68,1.08,1.13,20,0.042591227, Standard StAT for paper result. SlipP = 0.05, Floor = 1/4,,
5.04,6.54,6.27,20,0.042552134, Standard StAT for paper result. SlipP = 0.05, Floor = 1/4,,
3.09,3.52,3.66,20,0.042469666, Standard StAT for paper result. SlipP = 0.05, Floor = 1/4,,
0.71,1.11,1.07,20,0.042434452, Standard StAT for paper result. SlipP = 0.05, Floor = 1/4,,
2.13,2.81,2.69,20,0.042271389, Standard StAT for paper result. SlipP = 0.05, Floor = 1/4,,
0.7,1.03,0.99,20,0.042270599, Standard StAT for paper result. SlipP = 0.05, Floor = 1/4,,
1.01,1.57,1.64,20,0.042221217, Standard StAT for paper result. SlipP = 0.05, Floor = 1/4,,
0.54,0.85,0.88,20,0.042208115, Standard StAT for paper result. SlipP = 0.05, Floor = 1/4,,
6.72,8.62,8.26,20,0.041902917, Standard StAT for paper result. SlipP = 0.05, Floor = 1/4,,
1.13,1.56,1.63,20,0.041782204, Standard StAT for paper result. SlipP = 0.05, Floor = 1/4,,
1.94,2.9,2.78,20,0.041665109, Standard StAT for paper result. SlipP = 0.05, Floor = 1/4,,
0.97,1.04,1.08,20,0.041546057, Standard StAT for paper result. SlipP = 0.05, Floor = 1/4,,
2.36,3.66,3.51,20,0.041517316, Standard StAT for paper result. SlipP = 0.05, Floor = 1/4,,
0.43,0.52,0.54,20,0.041319817, Standard StAT for paper result. SlipP = 0.05, Floor = 1/4,,
0.52,0.66,0.69,20,0.041140415, Standard StAT for paper result. SlipP = 0.05, Floor = 1/4,,
1.54,1.97,1.89,20,0.040834563, Standard StAT for paper result. SlipP = 0.05, Floor = 1/4,,
4.85,6.61,6.34,20,0.040730117, Standard StAT for paper result. SlipP = 0.05, Floor = 1/4,,
0.51,0.71,0.74,20,0.040722648, Standard StAT for paper result. SlipP = 0.05, Floor = 1/4,,
1.63,2.12,2.04,20,0.040646029, Standard StAT for paper result. SlipP = 0.05, Floor = 1/4,,
1.85,2.24,2.15,20,0.040558256, Standard StAT for paper result. SlipP = 0.05, Floor = 1/4,,
4.18,5.71,5.48,20,0.040539972, Standard StAT for paper result. SlipP = 0.05, Floor = 1/4,,
1.17,1.68,1.61,20,0.040502809, Standard StAT for paper result. SlipP = 0.05, Floor = 1/4,,
5.42,8.87,9.23,20,0.040275731, Standard StAT for paper result. SlipP = 0.05, Floor = 1/4,,
5.16,7.74,7.43,20,0.040097611, Standard StAT for paper result. SlipP = 0.05, Floor = 1/4,,
7.13,9.31,8.93,20,0.040034236, Standard StAT for paper result. SlipP = 0.05, Floor = 1/4,,
2.44,3.22,3.35,20,0.039922581, Standard StAT for paper result. SlipP = 0.05, Floor = 1/4,,
0.65,0.68,0.71,20,0.039767198, Standard StAT for paper result. SlipP = 0.05, Floor = 1/4,,
1.92,2.85,2.74,20,0.039715101, Standard StAT for paper result. SlipP = 0.05, Floor = 1/4,,
1.33,1.72,1.79,20,0.039592353, Standard StAT for paper result. SlipP = 0.05, Floor = 1/4,,
1.42,1.83,1.91,20,0.039499841, Standard StAT for paper result. SlipP = 0.05, Floor = 1/4,,
1.62,2.61,2.51,20,0.039349896, Standard StAT for paper result. SlipP = 0.05, Floor = 1/4,,
0.94,1.21,1.16,20,0.039213472, Standard StAT for paper result. SlipP = 0.05, Floor = 1/4,,
0.84,1.15,1.11,20,0.039192797, Standard StAT for paper result. SlipP = 0.05, Floor = 1/4,,
3.98,4.07,4.23,20,0.039071572, Standard StAT for paper result. SlipP = 0.05, Floor = 1/4,,
4.65,6.43,6.18,20,0.039022452, Standard StAT for paper result. SlipP = 0.05, Floor = 1/4,,
4.58,6.63,6.89,20,0.039014055, Standard StAT for paper result. SlipP = 0.05, Floor = 1/4,,
5.07,6.49,6.24,20,0.038470083, Standard StAT for paper result. SlipP = 0.05, Floor = 1/4,,
0.91,0.97,0.93,20,0.038251069, Standard StAT for paper result. SlipP = 0.05, Floor = 1/4,,
3.09,4.75,4.57,20,0.037968568, Standard StAT for paper result. SlipP = 0.05, Floor = 1/4,,
0.77,1.22,1.26,20,0.037966535, Standard StAT for paper result. SlipP = 0.05, Floor = 1/4,,
1.9,1.91,1.98,20,0.037877136, Standard StAT for paper result. SlipP = 0.05, Floor = 1/4,,
0.62,1,0.97,20,0.0378289, Standard StAT for paper result. SlipP = 0.05, Floor = 1/4,,
0.48,0.61,0.59,20,0.037457334, Standard StAT for paper result. SlipP = 0.05, Floor = 1/4,,
6.19,7.51,7.23,20,0.037435861, Standard StAT for paper result. SlipP = 0.05, Floor = 1/4,,
4.73,5.38,5.58,20,0.037384756, Standard StAT for paper result. SlipP = 0.05, Floor = 1/4,,
1.35,1.74,1.81,20,0.037265972, Standard StAT for paper result. SlipP = 0.05, Floor = 1/4,,
1.01,1.1,1.15,20,0.037233113, Standard StAT for paper result. SlipP = 0.05, Floor = 1/4,,
0.56,0.8,0.83,20,0.036975751, Standard StAT for paper result. SlipP = 0.05, Floor = 1/4,,
2.19,3.01,3.12,20,0.036966671, Standard StAT for paper result. SlipP = 0.05, Floor = 1/4,,
0.83,0.9,0.93,20,0.036907302, Standard StAT for paper result. SlipP = 0.05, Floor = 1/4,,
4.53,5.7,5.5,20,0.036608647, Standard StAT for paper result. SlipP = 0.05, Floor = 1/4,,
2.6,3.83,3.69,20,0.036076469, Standard StAT for paper result. SlipP = 0.05, Floor = 1/4,,
2.16,3.21,3.09,20,0.035869876, Standard StAT for paper result. SlipP = 0.05, Floor = 1/4,,
1.94,2.14,2.22,20,0.035863784, Standard StAT for paper result. SlipP = 0.05, Floor = 1/4,,
2.66,3.22,3.33,20,0.035835204, Standard StAT for paper result. SlipP = 0.05, Floor = 1/4,,
5.72,8.09,8.38,20,0.035716886, Standard StAT for paper result. SlipP = 0.05, Floor = 1/4,,
5.05,5.9,5.69,20,0.035580907, Standard StAT for paper result. SlipP = 0.05, Floor = 1/4,,
0.55,0.78,0.76,20,0.035553167, Standard StAT for paper result. SlipP = 0.05, Floor = 1/4,,
5.87,8.12,7.83,20,0.035521773, Standard StAT for paper result. SlipP = 0.05, Floor = 1/4,,
4.68,5.78,5.98,20,0.035463527, Standard StAT for paper result. SlipP = 0.05, Floor = 1/4,,
2.25,3.2,3.09,20,0.035251781, Standard StAT for paper result. SlipP = 0.05, Floor = 1/4,,
0.97,1.16,1.21,20,0.03522389, Standard StAT for paper result. SlipP = 0.05, Floor = 1/4,,
2.37,2.45,2.36,20,0.035223434, Standard StAT for paper result. SlipP = 0.05, Floor = 1/4,,
1.2,1.68,1.74,20,0.035120151, Standard StAT for paper result. SlipP = 0.05, Floor = 1/4,,
4.94,7.7,7.43,20,0.035040053, Standard StAT for paper result. SlipP = 0.05, Floor = 1/4,,
2.38,3.53,3.66,20,0.035004888, Standard StAT for paper result. SlipP = 0.05, Floor = 1/4,,
2.7,3.08,3.19,20,0.034969459, Standard StAT for paper result. SlipP = 0.05, Floor = 1/4,,
0.48,0.65,0.67,20,0.034913789, Standard StAT for paper result. SlipP = 0.05, Floor = 1/4,,
4.77,7.65,7.38,20,0.034911456, Standard StAT for paper result. SlipP = 0.05, Floor = 1/4,,
1.31,1.75,1.82,20,0.034722644, Standard StAT for paper result. SlipP = 0.05, Floor = 1/4,,
2.04,2.38,2.3,20,0.034693377, Standard StAT for paper result. SlipP = 0.05, Floor = 1/4,,
1.83,3.05,3.16,20,0.034644396, Standard StAT for paper result. SlipP = 0.05, Floor = 1/4,,
0.58,0.81,0.78,20,0.034615733, Standard StAT for paper result. SlipP = 0.05, Floor = 1/4,,
2.3,2.57,2.66,20,0.034580457, Standard StAT for paper result. SlipP = 0.05, Floor = 1/4,,
2.32,2.39,2.47,20,0.034556367, Standard StAT for paper result. SlipP = 0.05, Floor = 1/4,,
5.14,6.72,6.49,20,0.034380331, Standard StAT for paper result. SlipP = 0.05, Floor = 1/4,,
5.03,6.83,6.59,20,0.034252257, Standard StAT for paper result. SlipP = 0.05, Floor = 1/4,,
0.86,1.03,1,20,0.034184484, Standard StAT for paper result. SlipP = 0.05, Floor = 1/4,,
0.76,1.11,1.14,20,0.033639458, Standard StAT for paper result. SlipP = 0.05, Floor = 1/4,,
5.41,6.05,6.25,20,0.033527852, Standard StAT for paper result. SlipP = 0.05, Floor = 1/4,,
6.3,6.33,6.55,20,0.033490453, Standard StAT for paper result. SlipP = 0.05, Floor = 1/4,,
0.96,1.46,1.41,20,0.033360974, Standard StAT for paper result. SlipP = 0.05, Floor = 1/4,,
0.96,1.27,1.23,20,0.033334016, Standard StAT for paper result. SlipP = 0.05, Floor = 1/4,,
2.04,2.06,2.13,20,0.033329508, Standard StAT for paper result. SlipP = 0.05, Floor = 1/4,,
2.37,3.02,3.12,20,0.033169914, Standard StAT for paper result. SlipP = 0.05, Floor = 1/4,,
8.45,9.39,9.71,20,0.033164923, Standard StAT for paper result. SlipP = 0.05, Floor = 1/4,,
0.41,0.5,0.52,20,0.033157403, Standard StAT for paper result. SlipP = 0.05, Floor = 1/4,,
1.93,2.3,2.38,20,0.032752631, Standard StAT for paper result. SlipP = 0.05, Floor = 1/4,,
0.4,0.53,0.55,20,0.032601752, Standard StAT for paper result. SlipP = 0.05, Floor = 1/4,,
1.04,1.22,1.26,20,0.032568469, Standard StAT for paper result. SlipP = 0.05, Floor = 1/4,,
1.27,1.75,1.8,20,0.032526057, Standard StAT for paper result. SlipP = 0.05, Floor = 1/4,,
2.26,2.74,2.65,20,0.032513516, Standard StAT for paper result. SlipP = 0.05, Floor = 1/4,,
5.78,8.21,7.94,20,0.032476948, Standard StAT for paper result. SlipP = 0.05, Floor = 1/4,,
0.39,0.52,0.53,20,0.032441047, Standard StAT for paper result. SlipP = 0.05, Floor = 1/4,,
0.83,1.18,1.22,20,0.032413735, Standard StAT for paper result. SlipP = 0.05, Floor = 1/4,,
7.48,9.73,9.42,20,0.031931593, Standard StAT for paper result. SlipP = 0.05, Floor = 1/4,,
0.9,1.43,1.38,20,0.031565699, Standard StAT for paper result. SlipP = 0.05, Floor = 1/4,,
3.81,5.1,5.26,20,0.031482613, Standard StAT for paper result. SlipP = 0.05, Floor = 1/4,,
2.02,2.65,2.57,20,0.031482385, Standard StAT for paper result. SlipP = 0.05, Floor = 1/4,,
0.51,0.65,0.67,20,0.031409686, Standard StAT for paper result. SlipP = 0.05, Floor = 1/4,,
1.29,1.86,1.8,20,0.031205775, Standard StAT for paper result. SlipP = 0.05, Floor = 1/4,,
0.38,0.57,0.55,20,0.031171141, Standard StAT for paper result. SlipP = 0.05, Floor = 1/4,,
1.21,1.32,1.28,20,0.030605594, Standard StAT for paper result. SlipP = 0.05, Floor = 1/4,,
1.15,1.43,1.38,20,0.030456594, Standard StAT for paper result. SlipP = 0.05, Floor = 1/4,,
0.45,0.58,0.56,20,0.030404651, Standard StAT for paper result. SlipP = 0.05, Floor = 1/4,,
0.74,0.9,0.93,20,0.030283035, Standard StAT for paper result. SlipP = 0.05, Floor = 1/4,,
4.08,5.81,5.64,20,0.030162828, Standard StAT for paper result. SlipP = 0.05, Floor = 1/4,,
0.63,0.97,0.94,20,0.030094686, Standard StAT for paper result. SlipP = 0.05, Floor = 1/4,,
2.97,3.75,3.64,20,0.029884375, Standard StAT for paper result. SlipP = 0.05, Floor = 1/4,,
4.87,6.55,6.75,20,0.029755643, Standard StAT for paper result. SlipP = 0.05, Floor = 1/4,,
0.84,1.24,1.2,20,0.029731094, Standard StAT for paper result. SlipP = 0.05, Floor = 1/4,,
3.58,3.93,4.05,20,0.029614208, Standard StAT for paper result. SlipP = 0.05, Floor = 1/4,,
1.75,2.54,2.62,20,0.029518881, Standard StAT for paper result. SlipP = 0.05, Floor = 1/4,,
2.94,3.94,3.83,20,0.029382981, Standard StAT for paper result. SlipP = 0.05, Floor = 1/4,,
1.02,1.38,1.34,20,0.029241312, Standard StAT for paper result. SlipP = 0.05, Floor = 1/4,,
1.38,1.99,1.93,20,0.029123517, Standard StAT for paper result. SlipP = 0.05, Floor = 1/4,,
0.88,1.44,1.49,20,0.029086069, Standard StAT for paper result. SlipP = 0.05, Floor = 1/4,,
1.16,1.66,1.71,20,0.02874443, Standard StAT for paper result. SlipP = 0.05, Floor = 1/4,,
5.39,5.42,5.57,20,0.028652928, Standard StAT for paper result. SlipP = 0.05, Floor = 1/4,,
2.15,2.45,2.38,20,0.028585824, Standard StAT for paper result. SlipP = 0.05, Floor = 1/4,,
2.66,3.28,3.19,20,0.028428966, Standard StAT for paper result. SlipP = 0.05, Floor = 1/4,,
1.29,1.83,1.77,20,0.028412817, Standard StAT for paper result. SlipP = 0.05, Floor = 1/4,,
4.98,5.05,5.19,20,0.028243597, Standard StAT for paper result. SlipP = 0.05, Floor = 1/4,,
3.67,4.28,4.4,20,0.028111479, Standard StAT for paper result. SlipP = 0.05, Floor = 1/4,,
0.69,0.87,0.85,20,0.028092356, Standard StAT for paper result. SlipP = 0.05, Floor = 1/4,,
0.94,1.27,1.24,20,0.027970396, Standard StAT for paper result. SlipP = 0.05, Floor = 1/4,,
1,1.43,1.47,20,0.027937003, Standard StAT for paper result. SlipP = 0.05, Floor = 1/4,,
0.44,0.59,0.58,20,0.027913641, Standard StAT for paper result. SlipP = 0.05, Floor = 1/4,,
2.24,3.25,3.16,20,0.027860743, Standard StAT for paper result. SlipP = 0.05, Floor = 1/4,,
1.27,1.6,1.64,20,0.027800862, Standard StAT for paper result. SlipP = 0.05, Floor = 1/4,,
3.63,5.57,5.73,20,0.027674078, Standard StAT for paper result. SlipP = 0.05, Floor = 1/4,,
1.27,1.64,1.6,20,0.027654243, Standard StAT for paper result. SlipP = 0.05, Floor = 1/4,,
2.82,3.15,3.06,20,0.027494728, Standard StAT for paper result. SlipP = 0.05, Floor = 1/4,,
2.55,2.74,2.81,20,0.027468281, Standard StAT for paper result. SlipP = 0.05, Floor = 1/4,,
5.62,9.77,9.51,20,0.027393421, Standard StAT for paper result. SlipP = 0.05, Floor = 1/4,,
1.4,1.53,1.57,20,0.027258737, Standard StAT for paper result. SlipP = 0.05, Floor = 1/4,,
0.79,1.16,1.19,20,0.02710807, Standard StAT for paper result. SlipP = 0.05, Floor = 1/4,,
6.12,8.2,7.98,20,0.02680869, Standard StAT for paper result. SlipP = 0.05, Floor = 1/4,,
2.66,3.62,3.72,20,0.026802105, Standard StAT for paper result. SlipP = 0.05, Floor = 1/4,,
3.87,5.14,5.27,20,0.026650837, Standard StAT for paper result. SlipP = 0.05, Floor = 1/4,,
0.56,0.85,0.83,20,0.026642692, Standard StAT for paper result. SlipP = 0.05, Floor = 1/4,,
0.75,1.13,1.16,20,0.02642736, Standard StAT for paper result. SlipP = 0.05, Floor = 1/4,,
2.27,3.5,3.41,20,0.026263347, Standard StAT for paper result. SlipP = 0.05, Floor = 1/4,,
3.87,4.42,4.31,20,0.025918162, Standard StAT for paper result. SlipP = 0.05, Floor = 1/4,,
0.87,1.31,1.28,20,0.025878145, Standard StAT for paper result. SlipP = 0.05, Floor = 1/4,,
0.46,0.65,0.66,20,0.0257923, Standard StAT for paper result. SlipP = 0.05, Floor = 1/4,,
2.39,3.72,3.62,20,0.025781392, Standard StAT for paper result. SlipP = 0.05, Floor = 1/4,,
3.58,3.9,4,20,0.025723168, Standard StAT for paper result. SlipP = 0.05, Floor = 1/4,,
0.74,1.06,1.03,20,0.02571838, Standard StAT for paper result. SlipP = 0.05, Floor = 1/4,,
1.36,1.85,1.8,20,0.025415435, Standard StAT for paper result. SlipP = 0.05, Floor = 1/4,,
1.5,1.73,1.78,20,0.025046108, Standard StAT for paper result. SlipP = 0.05, Floor = 1/4,,
1.48,1.61,1.65,20,0.024924278, Standard StAT for paper result. SlipP = 0.05, Floor = 1/4,,
1.27,1.49,1.53,20,0.02465079, Standard StAT for paper result. SlipP = 0.05, Floor = 1/4,,
0.46,0.68,0.7,20,0.024630168, Standard StAT for paper result. SlipP = 0.05, Floor = 1/4,,
3.94,4.12,4.22,20,0.02450413, Standard StAT for paper result. SlipP = 0.05, Floor = 1/4,,
2.9,4.33,4.44,20,0.024475309, Standard StAT for paper result. SlipP = 0.05, Floor = 1/4,,
2.06,2.62,2.68,20,0.024400974, Standard StAT for paper result. SlipP = 0.05, Floor = 1/4,,
0.73,1,1.03,20,0.024287883, Standard StAT for paper result. SlipP = 0.05, Floor = 1/4,,
1.96,3.05,3.12,20,0.024257795, Standard StAT for paper result. SlipP = 0.05, Floor = 1/4,,
2.81,3.09,3.16,20,0.024247847, Standard StAT for paper result. SlipP = 0.05, Floor = 1/4,,
2.25,2.72,2.65,20,0.023979284, Standard StAT for paper result. SlipP = 0.05, Floor = 1/4,,
7.28,8.97,9.18,20,0.023823019, Standard StAT for paper result. SlipP = 0.05, Floor = 1/4,,
2.79,3.01,2.94,20,0.023754416, Standard StAT for paper result. SlipP = 0.05, Floor = 1/4,,
1.2,1.5,1.47,20,0.02372917, Standard StAT for paper result. SlipP = 0.05, Floor = 1/4,,
1.68,2.31,2.26,20,0.023511655, Standard StAT for paper result. SlipP = 0.05, Floor = 1/4,,
1.9,3.08,3.15,20,0.02350205, Standard StAT for paper result. SlipP = 0.05, Floor = 1/4,,
1.39,1.85,1.89,20,0.023435733, Standard StAT for paper result. SlipP = 0.05, Floor = 1/4,,
2.09,2.64,2.58,20,0.023417909, Standard StAT for paper result. SlipP = 0.05, Floor = 1/4,,
0.4,0.61,0.63,20,0.023303675, Standard StAT for paper result. SlipP = 0.05, Floor = 1/4,,
5.71,7.32,7.14,20,0.023282568, Standard StAT for paper result. SlipP = 0.05, Floor = 1/4,,
0.92,1.16,1.18,20,0.023252588, Standard StAT for paper result. SlipP = 0.05, Floor = 1/4,,
1.93,2.35,2.4,20,0.023227944, Standard StAT for paper result. SlipP = 0.05, Floor = 1/4,,
0.7,0.86,0.88,20,0.023165884, Standard StAT for paper result. SlipP = 0.05, Floor = 1/4,,
5.36,7.1,7.26,20,0.022961843, Standard StAT for paper result. SlipP = 0.05, Floor = 1/4,,
5.35,7.41,7.24,20,0.022803122, Standard StAT for paper result. SlipP = 0.05, Floor = 1/4,,
1.49,1.97,1.92,20,0.022767934, Standard StAT for paper result. SlipP = 0.05, Floor = 1/4,,
0.52,0.84,0.82,20,0.02266464, Standard StAT for paper result. SlipP = 0.05, Floor = 1/4,,
0.77,1.05,1.02,20,0.022349435, Standard StAT for paper result. SlipP = 0.05, Floor = 1/4,,
5.31,7.7,7.87,20,0.022118603, Standard StAT for paper result. SlipP = 0.05, Floor = 1/4,,
1.58,2.1,2.05,20,0.021849821, Standard StAT for paper result. SlipP = 0.05, Floor = 1/4,,
3.53,5.38,5.5,20,0.02168195, Standard StAT for paper result. SlipP = 0.05, Floor = 1/4,,
0.6,0.88,0.9,20,0.021516759, Standard StAT for paper result. SlipP = 0.05, Floor = 1/4,,
0.96,1.66,1.69,20,0.021337679, Standard StAT for paper result. SlipP = 0.05, Floor = 1/4,,
0.92,1.05,1.07,20,0.020554686, Standard StAT for paper result. SlipP = 0.05, Floor = 1/4,,
3.87,4.35,4.44,20,0.020524686, Standard StAT for paper result. SlipP = 0.05, Floor = 1/4,,
0.78,1.09,1.07,20,0.020335572, Standard StAT for paper result. SlipP = 0.05, Floor = 1/4,,
3.54,6.07,6.19,20,0.020205868, Standard StAT for paper result. SlipP = 0.05, Floor = 1/4,,
6.86,7.93,8.09,20,0.020186297, Standard StAT for paper result. SlipP = 0.05, Floor = 1/4,,
7.46,9.36,9.55,20,0.020143547, Standard StAT for paper result. SlipP = 0.05, Floor = 1/4,,
0.93,1.33,1.36,20,0.019917902, Standard StAT for paper result. SlipP = 0.05, Floor = 1/4,,
2.07,2.42,2.37,20,0.019913839, Standard StAT for paper result. SlipP = 0.05, Floor = 1/4,,
7.15,9.41,9.23,20,0.019866262, Standard StAT for paper result. SlipP = 0.05, Floor = 1/4,,
1.58,1.96,2,20,0.019796829, Standard StAT for paper result. SlipP = 0.05, Floor = 1/4,,
3.28,4.13,4.05,20,0.019408301, Standard StAT for paper result. SlipP = 0.05, Floor = 1/4,,
0.82,1.06,1.08,20,0.019357362, Standard StAT for paper result. SlipP = 0.05, Floor = 1/4,,
0.92,1.21,1.23,20,0.019312986, Standard StAT for paper result. SlipP = 0.05, Floor = 1/4,,
2.58,3.77,3.84,20,0.019054495, Standard StAT for paper result. SlipP = 0.05, Floor = 1/4,,
1.12,1.15,1.17,20,0.019011378, Standard StAT for paper result. SlipP = 0.05, Floor = 1/4,,
1.31,1.86,1.89,20,0.018749936, Standard StAT for paper result. SlipP = 0.05, Floor = 1/4,,
1.84,2.47,2.42,20,0.018521925, Standard StAT for paper result. SlipP = 0.05, Floor = 1/4,,
8.95,9.8,9.62,20,0.018475427, Standard StAT for paper result. SlipP = 0.05, Floor = 1/4,,
1.1,1.83,1.86,20,0.017967259, Standard StAT for paper result. SlipP = 0.05, Floor = 1/4,,
2.19,3.49,3.55,20,0.017899383, Standard StAT for paper result. SlipP = 0.05, Floor = 1/4,,
2.51,2.82,2.87,20,0.017865585, Standard StAT for paper result. SlipP = 0.05, Floor = 1/4,,
2.22,2.6,2.56,20,0.017689122, Standard StAT for paper result. SlipP = 0.05, Floor = 1/4,,
2.07,2.96,3.01,20,0.017679949, Standard StAT for paper result. SlipP = 0.05, Floor = 1/4,,
3.59,4.09,4.02,20,0.017641998, Standard StAT for paper result. SlipP = 0.05, Floor = 1/4,,
3.56,4.46,4.39,20,0.017547337, Standard StAT for paper result. SlipP = 0.05, Floor = 1/4,,
2.94,3.54,3.6,20,0.017456291, Standard StAT for paper result. SlipP = 0.05, Floor = 1/4,,
0.95,1.33,1.3,20,0.017430959, Standard StAT for paper result. SlipP = 0.05, Floor = 1/4,,
2.13,2.95,3,20,0.017055149, Standard StAT for paper result. SlipP = 0.05, Floor = 1/4,,
0.99,1.22,1.2,20,0.016779881, Standard StAT for paper result. SlipP = 0.05, Floor = 1/4,,
4.56,6.84,6.95,20,0.016723751, Standard StAT for paper result. SlipP = 0.05, Floor = 1/4,,
0.78,1.05,1.04,20,0.016716428, Standard StAT for paper result. SlipP = 0.05, Floor = 1/4,,
4.23,5.92,5.82,20,0.016710259, Standard StAT for paper result. SlipP = 0.05, Floor = 1/4,,
4.84,5.76,5.66,20,0.016586315, Standard StAT for paper result. SlipP = 0.05, Floor = 1/4,,
1.81,1.93,1.96,20,0.016541383, Standard StAT for paper result. SlipP = 0.05, Floor = 1/4,,
3.86,5.28,5.19,20,0.016518209, Standard StAT for paper result. SlipP = 0.05, Floor = 1/4,,
1.55,2,1.97,20,0.016512054, Standard StAT for paper result. SlipP = 0.05, Floor = 1/4,,
0.54,0.73,0.74,20,0.016233571, Standard StAT for paper result. SlipP = 0.05, Floor = 1/4,,
0.57,0.69,0.68,20,0.016091066, Standard StAT for paper result. SlipP = 0.05, Floor = 1/4,,
0.69,1.05,1.03,20,0.016046296, Standard StAT for paper result. SlipP = 0.05, Floor = 1/4,,
0.96,1.39,1.42,20,0.016027408, Standard StAT for paper result. SlipP = 0.05, Floor = 1/4,,
0.95,1.23,1.25,20,0.015992387, Standard StAT for paper result. SlipP = 0.05, Floor = 1/4,,
2.26,3.43,3.48,20,0.015854707, Standard StAT for paper result. SlipP = 0.05, Floor = 1/4,,
2.49,2.98,3.03,20,0.01568424, Standard StAT for paper result. SlipP = 0.05, Floor = 1/4,,
0.67,0.9,0.92,20,0.015641729, Standard StAT for paper result. SlipP = 0.05, Floor = 1/4,,
1.19,1.25,1.27,20,0.015485379, Standard StAT for paper result. SlipP = 0.05, Floor = 1/4,,
0.89,1.08,1.09,20,0.015034405, Standard StAT for paper result. SlipP = 0.05, Floor = 1/4,,
0.73,0.97,0.95,20,0.015029676, Standard StAT for paper result. SlipP = 0.05, Floor = 1/4,,
3.12,4.33,4.4,20,0.01496809, Standard StAT for paper result. SlipP = 0.05, Floor = 1/4,,
5.12,5.14,5.21,20,0.014933905, Standard StAT for paper result. SlipP = 0.05, Floor = 1/4,,
0.52,0.75,0.77,20,0.014655482, Standard StAT for paper result. SlipP = 0.05, Floor = 1/4,,
1.85,2.22,2.19,20,0.014605281, Standard StAT for paper result. SlipP = 0.05, Floor = 1/4,,
0.64,0.76,0.77,20,0.014581862, Standard StAT for paper result. SlipP = 0.05, Floor = 1/4,,
2.36,2.99,3.03,20,0.014471, Standard StAT for paper result. SlipP = 0.05, Floor = 1/4,,
0.83,1.23,1.24,20,0.014468686, Standard StAT for paper result. SlipP = 0.05, Floor = 1/4,,
1.66,2.72,2.69,20,0.014401405, Standard StAT for paper result. SlipP = 0.05, Floor = 1/4,,
1.17,1.7,1.68,20,0.014374149, Standard StAT for paper result. SlipP = 0.05, Floor = 1/4,,
0.38,0.64,0.65,20,0.014194131, Standard StAT for paper result. SlipP = 0.05, Floor = 1/4,,
1.01,1.35,1.33,20,0.014148845, Standard StAT for paper result. SlipP = 0.05, Floor = 1/4,,
0.68,0.86,0.84,20,0.014130659, Standard StAT for paper result. SlipP = 0.05, Floor = 1/4,,
1.17,1.7,1.72,20,0.014026498, Standard StAT for paper result. SlipP = 0.05, Floor = 1/4,,
0.58,0.86,0.85,20,0.013987227, Standard StAT for paper result. SlipP = 0.05, Floor = 1/4,,
1.1,1.15,1.14,20,0.013951453, Standard StAT for paper result. SlipP = 0.05, Floor = 1/4,,
2.48,3.39,3.44,20,0.013946978, Standard StAT for paper result. SlipP = 0.05, Floor = 1/4,,
7.23,9.1,8.97,20,0.013792104, Standard StAT for paper result. SlipP = 0.05, Floor = 1/4,,
3.24,4.53,4.47,20,0.01370122, Standard StAT for paper result. SlipP = 0.05, Floor = 1/4,,
1.12,1.31,1.29,20,0.013661966, Standard StAT for paper result. SlipP = 0.05, Floor = 1/4,,
1.19,1.6,1.62,20,0.013578298, Standard StAT for paper result. SlipP = 0.05, Floor = 1/4,,
1.33,1.83,1.86,20,0.01351094, Standard StAT for paper result. SlipP = 0.05, Floor = 1/4,,
4.44,6.12,6.04,20,0.013485088, Standard StAT for paper result. SlipP = 0.05, Floor = 1/4,,
0.71,0.84,0.85,20,0.013456277, Standard StAT for paper result. SlipP = 0.05, Floor = 1/4,,
3.75,4.57,4.63,20,0.013421857, Standard StAT for paper result. SlipP = 0.05, Floor = 1/4,,
1.49,1.87,1.84,20,0.01341407, Standard StAT for paper result. SlipP = 0.05, Floor = 1/4,,
0.56,0.74,0.73,20,0.013386218, Standard StAT for paper result. SlipP = 0.05, Floor = 1/4,,
0.47,0.81,0.79,20,0.013321963, Standard StAT for paper result. SlipP = 0.05, Floor = 1/4,,
7.54,9.51,9.64,20,0.013305044, Standard StAT for paper result. SlipP = 0.05, Floor = 1/4,,
1.28,2.09,2.06,20,0.013272119, Standard StAT for paper result. SlipP = 0.05, Floor = 1/4,,
4.74,5.98,5.9,20,0.013235492, Standard StAT for paper result. SlipP = 0.05, Floor = 1/4,,
1.02,1.22,1.21,20,0.01319106, Standard StAT for paper result. SlipP = 0.05, Floor = 1/4,,
0.95,1.3,1.32,20,0.013043185, Standard StAT for paper result. SlipP = 0.05, Floor = 1/4,,
1.36,2.16,2.19,20,0.012848761, Standard StAT for paper result. SlipP = 0.05, Floor = 1/4,,
1.63,2.66,2.62,20,0.01281958, Standard StAT for paper result. SlipP = 0.05, Floor = 1/4,,
1.62,1.86,1.83,20,0.012615338, Standard StAT for paper result. SlipP = 0.05, Floor = 1/4,,
6.32,7.41,7.5,20,0.012397961, Standard StAT for paper result. SlipP = 0.05, Floor = 1/4,,
6.07,7.99,8.09,20,0.012377592, Standard StAT for paper result. SlipP = 0.05, Floor = 1/4,,
2.77,3.91,3.96,20,0.012348214, Standard StAT for paper result. SlipP = 0.05, Floor = 1/4,,
2.07,2.87,2.9,20,0.012324319, Standard StAT for paper result. SlipP = 0.05, Floor = 1/4,,
0.59,0.73,0.72,20,0.01207867, Standard StAT for paper result. SlipP = 0.05, Floor = 1/4,,
5.44,5.76,5.69,20,0.011872474, Standard StAT for paper result. SlipP = 0.05, Floor = 1/4,,
1.85,2.2,2.17,20,0.011846812, Standard StAT for paper result. SlipP = 0.05, Floor = 1/4,,
5.37,7,7.08,20,0.011843859, Standard StAT for paper result. SlipP = 0.05, Floor = 1/4,,
4.94,7.82,7.73,20,0.011777299, Standard StAT for paper result. SlipP = 0.05, Floor = 1/4,,
1.23,1.42,1.44,20,0.011699752, Standard StAT for paper result. SlipP = 0.05, Floor = 1/4,,
6.64,9.68,9.57,20,0.011402789, Standard StAT for paper result. SlipP = 0.05, Floor = 1/4,,
2.96,3.51,3.55,20,0.011206712, Standard StAT for paper result. SlipP = 0.05, Floor = 1/4,,
0.86,1.32,1.33,20,0.010766603, Standard StAT for paper result. SlipP = 0.05, Floor = 1/4,,
5.78,7.99,8.07,20,0.010708465, Standard StAT for paper result. SlipP = 0.05, Floor = 1/4,,
0.92,1.14,1.13,20,0.010682602, Standard StAT for paper result. SlipP = 0.05, Floor = 1/4,,
1.31,1.88,1.86,20,0.0106421, Standard StAT for paper result. SlipP = 0.05, Floor = 1/4,,
1.91,2.42,2.4,20,0.010600339, Standard StAT for paper result. SlipP = 0.05, Floor = 1/4,,
7.9,8.38,8.47,20,0.010584566, Standard StAT for paper result. SlipP = 0.05, Floor = 1/4,,
3.21,4.5,4.46,20,0.010474168, Standard StAT for paper result. SlipP = 0.05, Floor = 1/4,,
3.14,3.97,3.93,20,0.010374528, Standard StAT for paper result. SlipP = 0.05, Floor = 1/4,,
1.27,1.61,1.59,20,0.010358489, Standard StAT for paper result. SlipP = 0.05, Floor = 1/4,,
1.45,1.95,1.97,20,0.010229266, Standard StAT for paper result. SlipP = 0.05, Floor = 1/4,,
1.77,2.02,2,20,0.010100931, Standard StAT for paper result. SlipP = 0.05, Floor = 1/4,,
4.08,5.51,5.46,20,0.010077862, Standard StAT for paper result. SlipP = 0.05, Floor = 1/4,,
4.05,6.89,6.82,20,0.009861132, Standard StAT for paper result. SlipP = 0.05, Floor = 1/4,,
1.41,1.83,1.81,20,0.009748202, Standard StAT for paper result. SlipP = 0.05, Floor = 1/4,,
0.81,1.27,1.26,20,0.009745692, Standard StAT for paper result. SlipP = 0.05, Floor = 1/4,,
0.87,1.26,1.25,20,0.00961957, Standard StAT for paper result. SlipP = 0.05, Floor = 1/4,,
0.53,0.82,0.83,20,0.009412965, Standard StAT for paper result. SlipP = 0.05, Floor = 1/4,,
0.46,0.54,0.55,20,0.009010915, Standard StAT for paper result. SlipP = 0.05, Floor = 1/4,,
3.01,3.88,3.85,20,0.008910605, Standard StAT for paper result. SlipP = 0.05, Floor = 1/4,,
0.4,0.53,0.54,20,0.008845104, Standard StAT for paper result. SlipP = 0.05, Floor = 1/4,,
2,2.72,2.74,20,0.008794868, Standard StAT for paper result. SlipP = 0.05, Floor = 1/4,,
1.32,1.48,1.46,20,0.008694365, Standard StAT for paper result. SlipP = 0.05, Floor = 1/4,,
2.67,3.58,3.61,20,0.008682767, Standard StAT for paper result. SlipP = 0.05, Floor = 1/4,,
3.33,4.26,4.3,20,0.008633932, Standard StAT for paper result. SlipP = 0.05, Floor = 1/4,,
2.07,2.64,2.67,20,0.008606905, Standard StAT for paper result. SlipP = 0.05, Floor = 1/4,,
0.9,1.08,1.07,20,0.008511093, Standard StAT for paper result. SlipP = 0.05, Floor = 1/4,,
0.48,0.62,0.62,20,0.008399198, Standard StAT for paper result. SlipP = 0.05, Floor = 1/4,,
1.76,2.07,2.06,20,0.00793713, Standard StAT for paper result. SlipP = 0.05, Floor = 1/4,,
3.02,4.22,4.26,20,0.007930314, Standard StAT for paper result. SlipP = 0.05, Floor = 1/4,,
5.43,8.06,8,20,0.007639073, Standard StAT for paper result. SlipP = 0.05, Floor = 1/4,,
5.03,8.16,8.22,20,0.007447385, Standard StAT for paper result. SlipP = 0.05, Floor = 1/4,,
1.65,2.19,2.21,20,0.007444458, Standard StAT for paper result. SlipP = 0.05, Floor = 1/4,,
1.12,1.56,1.55,20,0.007427658, Standard StAT for paper result. SlipP = 0.05, Floor = 1/4,,
8.65,9.25,9.18,20,0.007366467, Standard StAT for paper result. SlipP = 0.05, Floor = 1/4,,
1.16,1.83,1.82,20,0.007257772, Standard StAT for paper result. SlipP = 0.05, Floor = 1/4,,
5.77,8.77,8.83,20,0.007062401, Standard StAT for paper result. SlipP = 0.05, Floor = 1/4,,
0.53,0.79,0.8,20,0.006562798, Standard StAT for paper result. SlipP = 0.05, Floor = 1/4,,
1.22,1.56,1.57,20,0.006483288, Standard StAT for paper result. SlipP = 0.05, Floor = 1/4,,
1.88,2.51,2.49,20,0.006392284, Standard StAT for paper result. SlipP = 0.05, Floor = 1/4,,
1.23,1.27,1.28,20,0.006253723, Standard StAT for paper result. SlipP = 0.05, Floor = 1/4,,
2.56,3.2,3.22,20,0.00608207, Standard StAT for paper result. SlipP = 0.05, Floor = 1/4,,
1.98,2.2,2.18,20,0.005973407, Standard StAT for paper result. SlipP = 0.05, Floor = 1/4,,
4.55,6.33,6.3,20,0.005917385, Standard StAT for paper result. SlipP = 0.05, Floor = 1/4,,
6.31,6.51,6.47,20,0.005828973, Standard StAT for paper result. SlipP = 0.05, Floor = 1/4,,
1.96,2.08,2.07,20,0.005519549, Standard StAT for paper result. SlipP = 0.05, Floor = 1/4,,
2.84,4.45,4.43,20,0.005518121, Standard StAT for paper result. SlipP = 0.05, Floor = 1/4,,
2.14,2.36,2.34,20,0.005173929, Standard StAT for paper result. SlipP = 0.05, Floor = 1/4,,
0.46,0.68,0.68,20,0.004702293, Standard StAT for paper result. SlipP = 0.05, Floor = 1/4,,
0.45,0.54,0.54,20,0.004617397, Standard StAT for paper result. SlipP = 0.05, Floor = 1/4,,
1.86,2.22,2.23,20,0.004616419, Standard StAT for paper result. SlipP = 0.05, Floor = 1/4,,
5.7,7.21,7.24,20,0.004418357, Standard StAT for paper result. SlipP = 0.05, Floor = 1/4,,
1.61,2.1,2.11,20,0.004415559, Standard StAT for paper result. SlipP = 0.05, Floor = 1/4,,
0.88,1.33,1.33,20,0.004376795, Standard StAT for paper result. SlipP = 0.05, Floor = 1/4,,
1.19,1.71,1.71,20,0.00437428, Standard StAT for paper result. SlipP = 0.05, Floor = 1/4,,
5.95,9.18,9.14,20,0.004319877, Standard StAT for paper result. SlipP = 0.05, Floor = 1/4,,
6.1,9.29,9.33,20,0.004233279, Standard StAT for paper result. SlipP = 0.05, Floor = 1/4,,
3.89,5.47,5.45,20,0.004089558, Standard StAT for paper result. SlipP = 0.05, Floor = 1/4,,
3.88,5.05,5.07,20,0.003944098, Standard StAT for paper result. SlipP = 0.05, Floor = 1/4,,
0.44,0.69,0.7,20,0.003897336, Standard StAT for paper result. SlipP = 0.05, Floor = 1/4,,
1.14,1.28,1.27,20,0.003857844, Standard StAT for paper result. SlipP = 0.05, Floor = 1/4,,
0.73,1.17,1.17,20,0.003692383, Standard StAT for paper result. SlipP = 0.05, Floor = 1/4,,
4.05,6.26,6.28,20,0.00361253, Standard StAT for paper result. SlipP = 0.05, Floor = 1/4,,
0.47,0.56,0.56,20,0.003609552, Standard StAT for paper result. SlipP = 0.05, Floor = 1/4,,
0.81,1.05,1.05,20,0.003428228, Standard StAT for paper result. SlipP = 0.05, Floor = 1/4,,
5.43,7.58,7.6,20,0.003420029, Standard StAT for paper result. SlipP = 0.05, Floor = 1/4,,
0.41,0.64,0.64,20,0.003368723, Standard StAT for paper result. SlipP = 0.05, Floor = 1/4,,
0.92,1.3,1.31,20,0.003322087, Standard StAT for paper result. SlipP = 0.05, Floor = 1/4,,
3.04,5.14,5.15,20,0.003185713, Standard StAT for paper result. SlipP = 0.05, Floor = 1/4,,
0.97,1.16,1.16,20,0.003184974, Standard StAT for paper result. SlipP = 0.05, Floor = 1/4,,
1.37,1.91,1.91,20,0.003003435, Standard StAT for paper result. SlipP = 0.05, Floor = 1/4,,
0.83,1,0.99,20,0.002958526, Standard StAT for paper result. SlipP = 0.05, Floor = 1/4,,
0.71,0.84,0.83,20,0.002936308, Standard StAT for paper result. SlipP = 0.05, Floor = 1/4,,
2.09,2.32,2.32,20,0.00291304, Standard StAT for paper result. SlipP = 0.05, Floor = 1/4,,
1.23,1.6,1.6,20,0.002876496, Standard StAT for paper result. SlipP = 0.05, Floor = 1/4,,
1.97,2.1,2.11,20,0.002781002, Standard StAT for paper result. SlipP = 0.05, Floor = 1/4,,
3.73,5.55,5.53,20,0.002722947, Standard StAT for paper result. SlipP = 0.05, Floor = 1/4,,
9.03,9.87,9.84,20,0.002652139, Standard StAT for paper result. SlipP = 0.05, Floor = 1/4,,
0.54,0.85,0.86,20,0.002479993, Standard StAT for paper result. SlipP = 0.05, Floor = 1/4,,
1.04,1.5,1.51,20,0.002334332, Standard StAT for paper result. SlipP = 0.05, Floor = 1/4,,
1.38,1.66,1.66,20,0.002314598, Standard StAT for paper result. SlipP = 0.05, Floor = 1/4,,
1.15,1.7,1.7,20,0.002267025, Standard StAT for paper result. SlipP = 0.05, Floor = 1/4,,
1.84,2.76,2.75,20,0.002136007, Standard StAT for paper result. SlipP = 0.05, Floor = 1/4,,
0.98,1.36,1.36,20,0.00171662, Standard StAT for paper result. SlipP = 0.05, Floor = 1/4,,
0.68,0.88,0.88,20,0.001694198, Standard StAT for paper result. SlipP = 0.05, Floor = 1/4,,
2.95,3.43,3.44,20,0.001668496, Standard StAT for paper result. SlipP = 0.05, Floor = 1/4,,
5.13,7.41,7.4,20,0.001566148, Standard StAT for paper result. SlipP = 0.05, Floor = 1/4,,
0.38,0.52,0.52,20,0.001537585, Standard StAT for paper result. SlipP = 0.05, Floor = 1/4,,
1.16,1.67,1.66,20,0.001115662, Standard StAT for paper result. SlipP = 0.05, Floor = 1/4,,
5.75,7.07,7.06,20,0.000867376, Standard StAT for paper result. SlipP = 0.05, Floor = 1/4,,
1.9,2.71,2.72,20,0.000818099, Standard StAT for paper result. SlipP = 0.05, Floor = 1/4,,
1.76,2.11,2.1,20,0.000782968, Standard StAT for paper result. SlipP = 0.05, Floor = 1/4,,
1.56,1.96,1.96,20,0.000558812, Standard StAT for paper result. SlipP = 0.05, Floor = 1/4,,
0.56,0.65,0.65,20,0.000345141, Standard StAT for paper result. SlipP = 0.05, Floor = 1/4,,
0.91,1.22,1.22,20,0.000318244, Standard StAT for paper result. SlipP = 0.05, Floor = 1/4,,
2.04,2.61,2.61,20,0.000187362, Standard StAT for paper result. SlipP = 0.05, Floor = 1/4,,
7.95,8.53,8.53,20,0.000102356, Standard StAT for paper result. SlipP = 0.05, Floor = 1/4,,
2.4,3.08,3.08,20,6.32E-05, Standard StAT for paper result. SlipP = 0.05, Floor = 1/4,,
4.44,6.49,6.49,20,5.60E-06, Standard StAT for paper result. SlipP = 0.05, Floor = 1/4,,