6.53, 9.55, 8.45, 20, 0.11526417362016751, Fract precision SlipP = 0.05, Floor = 1/4
0.45, 0.60, 0.60, 20, 0.007010121748056094, Fract precision SlipP = 0.05, Floor = 1/4
3.92, 4.99, 6.53, 20, 0.30800709871686865, Fract precision SlipP = 0.05, Floor = 1/4
1.32, 1.98, 1.95, 20, 0.016209099828929364, Fract precision SlipP = 0.05, Floor = 1/4
0.55, 0.68, 0.64, 20, 0.05271783960341612, Fract precision SlipP = 0.05, Floor = 1/4
2.25, 3.46, 4.05, 20, 0.1689071761075475, Fract precision SlipP = 0.05, Floor = 1/4
1.54, 1.78, 1.70, 20, 0.041319558969275715, Fract precision SlipP = 0.05, Floor = 1/4
0.88, 1.41, 1.20, 20, 0.14596554737590314, Fract precision SlipP = 0.05, Floor = 1/4
1.78, 2.48, 2.51, 20, 0.014803442195469448, Fract precision SlipP = 0.05, Floor = 1/4
4.02, 5.05, 5.65, 20, 0.11772142948831535, Fract precision SlipP = 0.05, Floor = 1/4
0.45, 0.69, 0.82, 20, 0.19170850137516332, Fract precision SlipP = 0.05, Floor = 1/4
2.12, 2.63, 2.66, 20, 0.012246969487045773, Fract precision SlipP = 0.05, Floor = 1/4
1.68, 2.41, 2.74, 20, 0.13727047656241062, Fract precision SlipP = 0.05, Floor = 1/4
1.73, 2.09, 2.07, 20, 0.013609263901662403, Fract precision SlipP = 0.05, Floor = 1/4
2.80, 3.13, 3.09, 20, 0.01241788537201512, Fract precision SlipP = 0.05, Floor = 1/4
6.20, 8.04, 7.96, 20, 0.009457062876589177, Fract precision SlipP = 0.05, Floor = 1/4
1.66, 2.25, 2.36, 20, 0.048040263634677526, Fract precision SlipP = 0.05, Floor = 1/4
4.10, 5.27, 4.03, 20, 0.23549638629777792, Fract precision SlipP = 0.05, Floor = 1/4
0.98, 1.35, 1.44, 20, 0.06902440210901713, Fract precision SlipP = 0.05, Floor = 1/4
0.85, 1.15, 1.07, 20, 0.07304523026554754, Fract precision SlipP = 0.05, Floor = 1/4
1.48, 1.80, 1.77, 20, 0.017536643938791133, Fract precision SlipP = 0.05, Floor = 1/4
1.67, 2.51, 2.47, 20, 0.018812635568009082, Fract precision SlipP = 0.05, Floor = 1/4
1.05, 1.35, 1.45, 20, 0.06753293393485334, Fract precision SlipP = 0.05, Floor = 1/4
0.57, 0.79, 0.72, 20, 0.08834183968494705, Fract precision SlipP = 0.05, Floor = 1/4
0.43, 0.61, 0.56, 20, 0.07861897086993255, Fract precision SlipP = 0.05, Floor = 1/4
1.80, 2.94, 2.84, 20, 0.03223159923782963, Fract precision SlipP = 0.05, Floor = 1/4
5.64, 7.40, 6.67, 20, 0.09873155358985164, Fract precision SlipP = 0.05, Floor = 1/4
1.97, 2.31, 2.19, 20, 0.05263015999222501, Fract precision SlipP = 0.05, Floor = 1/4
0.77, 1.13, 1.25, 20, 0.10928409181598173, Fract precision SlipP = 0.05, Floor = 1/4
0.97, 1.30, 1.30, 20, 0.0031030014997752817, Fract precision SlipP = 0.05, Floor = 1/4
4.62, 6.28, 5.97, 20, 0.04929631368582448, Fract precision SlipP = 0.05, Floor = 1/4
0.38, 0.59, 0.74, 20, 0.2537965611665831, Fract precision SlipP = 0.05, Floor = 1/4
4.23, 6.43, 5.75, 20, 0.10566813793969863, Fract precision SlipP = 0.05, Floor = 1/4
4.32, 6.88, 6.12, 20, 0.11048790204912899, Fract precision SlipP = 0.05, Floor = 1/4
5.18, 6.90, 6.52, 20, 0.05586434322963775, Fract precision SlipP = 0.05, Floor = 1/4
3.40, 5.27, 4.50, 20, 0.14712796152538407, Fract precision SlipP = 0.05, Floor = 1/4
0.91, 1.34, 1.42, 20, 0.06421650381059682, Fract precision SlipP = 0.05, Floor = 1/4
1.44, 2.03, 1.91, 20, 0.05669528108132715, Fract precision SlipP = 0.05, Floor = 1/4
0.74, 0.92, 0.98, 20, 0.06776777620516576, Fract precision SlipP = 0.05, Floor = 1/4
0.54, 0.88, 0.90, 20, 0.01966274599704004, Fract precision SlipP = 0.05, Floor = 1/4
1.03, 1.43, 1.28, 20, 0.10808697679185912, Fract precision SlipP = 0.05, Floor = 1/4
1.20, 1.36, 1.32, 20, 0.02913137124050093, Fract precision SlipP = 0.05, Floor = 1/4
1.05, 1.74, 1.60, 20, 0.07759197773337342, Fract precision SlipP = 0.05, Floor = 1/4
1.08, 1.26, 1.27, 20, 0.007197892519191349, Fract precision SlipP = 0.05, Floor = 1/4
7.80, 8.72, 8.67, 20, 0.005746332063024879, Fract precision SlipP = 0.05, Floor = 1/4
1.54, 2.09, 1.96, 20, 0.05993270061498864, Fract precision SlipP = 0.05, Floor = 1/4
1.00, 1.54, 1.36, 20, 0.1176335190287567, Fract precision SlipP = 0.05, Floor = 1/4
0.63, 0.93, 0.98, 20, 0.04808471104537021, Fract precision SlipP = 0.05, Floor = 1/4
3.28, 4.31, 4.39, 20, 0.017533334165660445, Fract precision SlipP = 0.05, Floor = 1/4
0.47, 0.72, 0.77, 20, 0.07275499917030967, Fract precision SlipP = 0.05, Floor = 1/4
2.70, 3.76, 2.96, 20, 0.2139410314754017, Fract precision SlipP = 0.05, Floor = 1/4
4.13, 5.81, 5.65, 20, 0.028283277677080984, Fract precision SlipP = 0.05, Floor = 1/4
2.36, 3.19, 3.55, 20, 0.11301265525584811, Fract precision SlipP = 0.05, Floor = 1/4
0.74, 1.11, 1.17, 20, 0.05447023601918748, Fract precision SlipP = 0.05, Floor = 1/4
4.56, 5.72, 6.43, 20, 0.12321942858993369, Fract precision SlipP = 0.05, Floor = 1/4
2.27, 3.67, 3.52, 20, 0.043217289691435776, Fract precision SlipP = 0.05, Floor = 1/4
1.70, 2.25, 2.08, 20, 0.07566543613484586, Fract precision SlipP = 0.05, Floor = 1/4
2.06, 3.19, 3.05, 20, 0.04131176382976389, Fract precision SlipP = 0.05, Floor = 1/4
0.69, 0.93, 0.84, 20, 0.09646068526641052, Fract precision SlipP = 0.05, Floor = 1/4
2.62, 3.03, 2.88, 20, 0.04660360302920957, Fract precision SlipP = 0.05, Floor = 1/4
1.02, 1.50, 1.17, 20, 0.21999240185194283, Fract precision SlipP = 0.05, Floor = 1/4
2.93, 4.82, 3.63, 20, 0.24612589190675027, Fract precision SlipP = 0.05, Floor = 1/4
5.05, 8.08, 8.05, 20, 0.0032781461874495216, Fract precision SlipP = 0.05, Floor = 1/4
4.45, 6.53, 7.98, 20, 0.22176216651802177, Fract precision SlipP = 0.05, Floor = 1/4
2.14, 2.91, 2.41, 20, 0.17236048217714986, Fract precision SlipP = 0.05, Floor = 1/4
0.54, 0.81, 0.95, 20, 0.1678207759821908, Fract precision SlipP = 0.05, Floor = 1/4
3.02, 4.02, 4.08, 20, 0.015149868867471415, Fract precision SlipP = 0.05, Floor = 1/4
2.89, 4.15, 4.25, 20, 0.023916580610642186, Fract precision SlipP = 0.05, Floor = 1/4
4.82, 7.86, 7.69, 20, 0.021796871751082702, Fract precision SlipP = 0.05, Floor = 1/4
2.45, 3.54, 3.58, 20, 0.011547824980696727, Fract precision SlipP = 0.05, Floor = 1/4
3.52, 4.23, 4.60, 20, 0.08747972224439875, Fract precision SlipP = 0.05, Floor = 1/4
0.55, 0.85, 0.81, 20, 0.04784733126030391, Fract precision SlipP = 0.05, Floor = 1/4
1.58, 2.29, 2.02, 20, 0.11849627787514999, Fract precision SlipP = 0.05, Floor = 1/4
2.24, 2.95, 2.87, 20, 0.02651156780762497, Fract precision SlipP = 0.05, Floor = 1/4
0.60, 0.75, 0.82, 20, 0.08800404706720387, Fract precision SlipP = 0.05, Floor = 1/4
5.97, 6.42, 7.24, 20, 0.12758283572664497, Fract precision SlipP = 0.05, Floor = 1/4
4.32, 5.54, 6.01, 20, 0.08556236620226486, Fract precision SlipP = 0.05, Floor = 1/4
4.12, 5.76, 5.21, 20, 0.0958377452028021, Fract precision SlipP = 0.05, Floor = 1/4
0.68, 1.07, 1.08, 20, 0.0037673379027579478, Fract precision SlipP = 0.05, Floor = 1/4
2.68, 3.55, 3.37, 20, 0.05046632675081474, Fract precision SlipP = 0.05, Floor = 1/4
5.37, 6.33, 5.26, 20, 0.16936425810342445, Fract precision SlipP = 0.05, Floor = 1/4
5.90, 7.72, 7.98, 20, 0.03338547376039985, Fract precision SlipP = 0.05, Floor = 1/4
0.38, 0.53, 0.58, 20, 0.08599118558271933, Fract precision SlipP = 0.05, Floor = 1/4
0.80, 1.25, 1.41, 20, 0.12415466272716731, Fract precision SlipP = 0.05, Floor = 1/4
0.86, 1.14, 1.05, 20, 0.08098292728012638, Fract precision SlipP = 0.05, Floor = 1/4
0.56, 0.72, 0.55, 20, 0.23250593295432292, Fract precision SlipP = 0.05, Floor = 1/4
5.23, 7.22, 7.26, 20, 0.0052350438726041495, Fract precision SlipP = 0.05, Floor = 1/4
1.20, 1.67, 1.59, 20, 0.04394999630728358, Fract precision SlipP = 0.05, Floor = 1/4
0.72, 0.89, 0.94, 20, 0.057478548596627925, Fract precision SlipP = 0.05, Floor = 1/4
1.31, 1.87, 1.91, 20, 0.022054446069402704, Fract precision SlipP = 0.05, Floor = 1/4
1.53, 2.31, 2.47, 20, 0.07190793919527065, Fract precision SlipP = 0.05, Floor = 1/4
3.97, 4.87, 4.37, 20, 0.1035168873289154, Fract precision SlipP = 0.05, Floor = 1/4
0.49, 0.77, 0.72, 20, 0.06884231837920096, Fract precision SlipP = 0.05, Floor = 1/4
0.88, 1.17, 1.16, 20, 0.009756244861557968, Fract precision SlipP = 0.05, Floor = 1/4
1.08, 1.60, 1.41, 20, 0.1181657970677056, Fract precision SlipP = 0.05, Floor = 1/4
5.72, 7.71, 8.61, 20, 0.11674831202841603, Fract precision SlipP = 0.05, Floor = 1/4
0.90, 1.01, 1.06, 20, 0.04767813064123912, Fract precision SlipP = 0.05, Floor = 1/4
0.73, 0.78, 0.81, 20, 0.04242146156806388, Fract precision SlipP = 0.05, Floor = 1/4
4.34, 6.55, 6.37, 20, 0.027150650992248757, Fract precision SlipP = 0.05, Floor = 1/4
4.56, 6.86, 6.41, 20, 0.06476633585406526, Fract precision SlipP = 0.05, Floor = 1/4
3.50, 4.76, 5.37, 20, 0.12922229771255997, Fract precision SlipP = 0.05, Floor = 1/4
4.31, 5.20, 5.16, 20, 0.007038427715606679, Fract precision SlipP = 0.05, Floor = 1/4
5.87, 6.15, 6.38, 20, 0.037262919574002885, Fract precision SlipP = 0.05, Floor = 1/4
2.43, 3.53, 5.02, 20, 0.4226630193980098, Fract precision SlipP = 0.05, Floor = 1/4
1.45, 2.02, 2.16, 20, 0.0679909584731367, Fract precision SlipP = 0.05, Floor = 1/4
0.92, 1.10, 1.19, 20, 0.08422053917301754, Fract precision SlipP = 0.05, Floor = 1/4
0.71, 1.00, 0.97, 20, 0.03136142285560521, Fract precision SlipP = 0.05, Floor = 1/4
5.26, 7.41, 8.09, 20, 0.09208626373476593, Fract precision SlipP = 0.05, Floor = 1/4
1.28, 1.46, 1.46, 20, 0.0017948301807655036, Fract precision SlipP = 0.05, Floor = 1/4
0.79, 0.94, 0.90, 20, 0.03970282179163731, Fract precision SlipP = 0.05, Floor = 1/4
2.94, 3.65, 3.61, 20, 0.012578764819948827, Fract precision SlipP = 0.05, Floor = 1/4
1.92, 3.13, 3.40, 20, 0.08716467258201945, Fract precision SlipP = 0.05, Floor = 1/4
4.72, 7.60, 8.59, 20, 0.1299241206027972, Fract precision SlipP = 0.05, Floor = 1/4
1.22, 1.56, 1.60, 20, 0.027596709048608864, Fract precision SlipP = 0.05, Floor = 1/4
3.31, 4.42, 3.66, 20, 0.17004089996863642, Fract precision SlipP = 0.05, Floor = 1/4
1.23, 1.54, 1.32, 20, 0.14278019741898637, Fract precision SlipP = 0.05, Floor = 1/4
1.99, 2.93, 2.84, 20, 0.03062196189237658, Fract precision SlipP = 0.05, Floor = 1/4
6.65, 7.90, 8.83, 20, 0.11741876515577757, Fract precision SlipP = 0.05, Floor = 1/4
2.01, 2.77, 2.65, 20, 0.04505544320932092, Fract precision SlipP = 0.05, Floor = 1/4
1.99, 2.94, 2.90, 20, 0.013905574057197499, Fract precision SlipP = 0.05, Floor = 1/4
3.27, 5.00, 4.61, 20, 0.07772417997955501, Fract precision SlipP = 0.05, Floor = 1/4
2.92, 3.42, 3.16, 20, 0.07670252990746099, Fract precision SlipP = 0.05, Floor = 1/4
1.40, 2.06, 2.00, 20, 0.028471438605970602, Fract precision SlipP = 0.05, Floor = 1/4
1.10, 1.62, 1.66, 20, 0.021890366521457122, Fract precision SlipP = 0.05, Floor = 1/4
6.41, 7.72, 7.74, 20, 0.003267138699020241, Fract precision SlipP = 0.05, Floor = 1/4
2.98, 3.26, 4.12, 20, 0.26412777158487016, Fract precision SlipP = 0.05, Floor = 1/4
6.02, 7.74, 7.43, 20, 0.03997317132012641, Fract precision SlipP = 0.05, Floor = 1/4
0.82, 1.28, 1.18, 20, 0.07689691593904482, Fract precision SlipP = 0.05, Floor = 1/4
1.52, 1.97, 2.09, 20, 0.05811133578147754, Fract precision SlipP = 0.05, Floor = 1/4
1.36, 1.57, 1.77, 20, 0.12682802802508705, Fract precision SlipP = 0.05, Floor = 1/4
1.38, 2.05, 1.97, 20, 0.04032499178050737, Fract precision SlipP = 0.05, Floor = 1/4
1.19, 1.77, 1.63, 20, 0.07800847331891529, Fract precision SlipP = 0.05, Floor = 1/4
3.12, 4.74, 4.25, 20, 0.10367437369977459, Fract precision SlipP = 0.05, Floor = 1/4
5.07, 5.39, 5.30, 20, 0.01794252885687431, Fract precision SlipP = 0.05, Floor = 1/4
2.04, 2.84, 2.79, 20, 0.017607706820934984, Fract precision SlipP = 0.05, Floor = 1/4
0.62, 0.90, 0.99, 20, 0.09797497670118034, Fract precision SlipP = 0.05, Floor = 1/4
2.27, 3.13, 2.90, 20, 0.07139093632429645, Fract precision SlipP = 0.05, Floor = 1/4
6.78, 8.36, 7.93, 20, 0.05233927579902705, Fract precision SlipP = 0.05, Floor = 1/4
2.64, 3.49, 3.70, 20, 0.060679867099537696, Fract precision SlipP = 0.05, Floor = 1/4
0.58, 0.88, 0.72, 20, 0.1824975090696449, Fract precision SlipP = 0.05, Floor = 1/4
0.45, 0.59, 0.54, 20, 0.08432107215725124, Fract precision SlipP = 0.05, Floor = 1/4
1.56, 2.22, 2.20, 20, 0.011280827642523458, Fract precision SlipP = 0.05, Floor = 1/4
1.68, 2.40, 2.25, 20, 0.06166925892218189, Fract precision SlipP = 0.05, Floor = 1/4
1.65, 2.30, 2.31, 20, 0.001759255848797935, Fract precision SlipP = 0.05, Floor = 1/4
6.45, 8.65, 7.96, 20, 0.07939429033542389, Fract precision SlipP = 0.05, Floor = 1/4
1.25, 1.75, 2.57, 20, 0.4718139837141736, Fract precision SlipP = 0.05, Floor = 1/4
0.95, 1.18, 1.09, 20, 0.07292747353643544, Fract precision SlipP = 0.05, Floor = 1/4
0.72, 1.06, 1.00, 20, 0.052013809976219426, Fract precision SlipP = 0.05, Floor = 1/4
4.90, 5.32, 5.46, 20, 0.0249024723092431, Fract precision SlipP = 0.05, Floor = 1/4
3.01, 4.49, 4.93, 20, 0.09776309722229784, Fract precision SlipP = 0.05, Floor = 1/4
2.41, 3.29, 3.41, 20, 0.03606466539150617, Fract precision SlipP = 0.05, Floor = 1/4
1.80, 2.84, 2.88, 20, 0.015867449840979018, Fract precision SlipP = 0.05, Floor = 1/4
5.70, 7.62, 6.75, 20, 0.11432461072185972, Fract precision SlipP = 0.05, Floor = 1/4
1.91, 2.74, 2.60, 20, 0.05155895974238922, Fract precision SlipP = 0.05, Floor = 1/4
0.88, 1.02, 1.05, 20, 0.03557193479524244, Fract precision SlipP = 0.05, Floor = 1/4
0.64, 0.90, 0.81, 20, 0.09891148437467183, Fract precision SlipP = 0.05, Floor = 1/4
0.57, 0.84, 0.85, 20, 0.012820512968043702, Fract precision SlipP = 0.05, Floor = 1/4
1.27, 1.93, 1.64, 20, 0.14875379268221275, Fract precision SlipP = 0.05, Floor = 1/4
4.85, 6.82, 6.46, 20, 0.053164083797565403, Fract precision SlipP = 0.05, Floor = 1/4
5.48, 7.65, 4.84, 20, 0.36683062589200394, Fract precision SlipP = 0.05, Floor = 1/4
3.66, 5.75, 5.25, 20, 0.08688109896313972, Fract precision SlipP = 0.05, Floor = 1/4
4.77, 7.42, 6.84, 20, 0.07774899523115845, Fract precision SlipP = 0.05, Floor = 1/4
1.90, 2.42, 2.33, 20, 0.03601528837763283, Fract precision SlipP = 0.05, Floor = 1/4
1.46, 2.34, 2.69, 20, 0.14640057429054262, Fract precision SlipP = 0.05, Floor = 1/4
0.64, 0.96, 0.87, 20, 0.09836880697035826, Fract precision SlipP = 0.05, Floor = 1/4
1.55, 2.01, 2.17, 20, 0.07899995838360947, Fract precision SlipP = 0.05, Floor = 1/4
5.55, 8.19, 9.02, 20, 0.10045170359271975, Fract precision SlipP = 0.05, Floor = 1/4
2.57, 3.33, 3.16, 20, 0.049592974405601904, Fract precision SlipP = 0.05, Floor = 1/4
0.50, 0.66, 0.68, 20, 0.03603565066624443, Fract precision SlipP = 0.05, Floor = 1/4
2.58, 2.73, 2.54, 20, 0.0700100244403982, Fract precision SlipP = 0.05, Floor = 1/4
1.27, 1.81, 1.82, 20, 0.0032065613917935452, Fract precision SlipP = 0.05, Floor = 1/4
1.92, 2.67, 2.36, 20, 0.11575692809931665, Fract precision SlipP = 0.05, Floor = 1/4
6.16, 8.09, 8.17, 20, 0.008908524004708202, Fract precision SlipP = 0.05, Floor = 1/4
3.21, 3.81, 3.87, 20, 0.017518460597153247, Fract precision SlipP = 0.05, Floor = 1/4
2.33, 3.41, 3.51, 20, 0.028793548520755937, Fract precision SlipP = 0.05, Floor = 1/4
5.67, 5.82, 6.08, 20, 0.044378794535424516, Fract precision SlipP = 0.05, Floor = 1/4
0.81, 1.04, 1.02, 20, 0.0250205988119521, Fract precision SlipP = 0.05, Floor = 1/4
2.49, 3.88, 3.95, 20, 0.02011643439157964, Fract precision SlipP = 0.05, Floor = 1/4
2.83, 4.85, 5.46, 20, 0.12450837616103301, Fract precision SlipP = 0.05, Floor = 1/4
3.45, 4.82, 4.36, 20, 0.09714821596434473, Fract precision SlipP = 0.05, Floor = 1/4
1.31, 1.92, 1.60, 20, 0.168859720368896, Fract precision SlipP = 0.05, Floor = 1/4
0.48, 0.51, 1.38, 20, 1.6894369090842194, Fract precision SlipP = 0.05, Floor = 1/4
1.18, 1.59, 1.18, 20, 0.2586169278560405, Fract precision SlipP = 0.05, Floor = 1/4
0.53, 0.70, 0.81, 20, 0.15547050693352904, Fract precision SlipP = 0.05, Floor = 1/4
3.24, 3.71, 3.91, 20, 0.052123680975233816, Fract precision SlipP = 0.05, Floor = 1/4
0.54, 0.78, 0.83, 20, 0.06498457768992152, Fract precision SlipP = 0.05, Floor = 1/4
1.00, 1.54, 1.46, 20, 0.04970164113116538, Fract precision SlipP = 0.05, Floor = 1/4
1.98, 3.05, 2.52, 20, 0.17161902643266821, Fract precision SlipP = 0.05, Floor = 1/4
2.21, 2.67, 2.70, 20, 0.009786068149531663, Fract precision SlipP = 0.05, Floor = 1/4
0.61, 1.03, 1.16, 20, 0.12653611110134083, Fract precision SlipP = 0.05, Floor = 1/4
1.44, 1.75, 1.63, 20, 0.07101191845825741, Fract precision SlipP = 0.05, Floor = 1/4
0.78, 1.29, 1.24, 20, 0.03222568900192308, Fract precision SlipP = 0.05, Floor = 1/4
1.07, 1.12, 1.14, 20, 0.021317838907314902, Fract precision SlipP = 0.05, Floor = 1/4
1.13, 1.63, 1.37, 20, 0.15539745992591342, Fract precision SlipP = 0.05, Floor = 1/4
3.96, 5.48, 5.68, 20, 0.03502966732160411, Fract precision SlipP = 0.05, Floor = 1/4
1.60, 2.30, 2.00, 20, 0.1302389581156084, Fract precision SlipP = 0.05, Floor = 1/4
2.45, 3.72, 4.72, 20, 0.2694684289308243, Fract precision SlipP = 0.05, Floor = 1/4
3.33, 4.91, 4.78, 20, 0.027604629132192846, Fract precision SlipP = 0.05, Floor = 1/4
1.37, 2.27, 2.03, 20, 0.10730499496508358, Fract precision SlipP = 0.05, Floor = 1/4
1.02, 1.16, 1.07, 20, 0.07712738061662386, Fract precision SlipP = 0.05, Floor = 1/4
5.68, 9.43, 7.40, 20, 0.21571220858398898, Fract precision SlipP = 0.05, Floor = 1/4
3.82, 5.17, 4.58, 20, 0.11411408102293386, Fract precision SlipP = 0.05, Floor = 1/4
3.82, 5.92, 5.87, 20, 0.008377343719454481, Fract precision SlipP = 0.05, Floor = 1/4
1.53, 1.93, 1.71, 20, 0.11681890492220218, Fract precision SlipP = 0.05, Floor = 1/4
4.33, 6.30, 6.97, 20, 0.10556580876357702, Fract precision SlipP = 0.05, Floor = 1/4
0.46, 0.72, 0.78, 20, 0.08861901260100213, Fract precision SlipP = 0.05, Floor = 1/4
2.72, 3.63, 4.54, 20, 0.24921363110785766, Fract precision SlipP = 0.05, Floor = 1/4
5.14, 6.94, 7.01, 20, 0.010384093224180293, Fract precision SlipP = 0.05, Floor = 1/4
2.08, 3.13, 2.57, 20, 0.17756386816597744, Fract precision SlipP = 0.05, Floor = 1/4
0.73, 1.13, 1.04, 20, 0.07739216222502744, Fract precision SlipP = 0.05, Floor = 1/4
1.27, 1.77, 1.40, 20, 0.20919945801782358, Fract precision SlipP = 0.05, Floor = 1/4
1.27, 1.85, 1.82, 20, 0.016724330737385048, Fract precision SlipP = 0.05, Floor = 1/4
4.46, 6.38, 5.61, 20, 0.11993118899855348, Fract precision SlipP = 0.05, Floor = 1/4
4.73, 4.92, 5.05, 20, 0.025626388378640043, Fract precision SlipP = 0.05, Floor = 1/4
5.54, 7.35, 7.45, 20, 0.013311763523503523, Fract precision SlipP = 0.05, Floor = 1/4
2.02, 2.09, 2.13, 20, 0.020159741999370935, Fract precision SlipP = 0.05, Floor = 1/4
6.39, 8.65, 7.43, 20, 0.14113333107668746, Fract precision SlipP = 0.05, Floor = 1/4
1.40, 2.03, 1.90, 20, 0.06434796089340689, Fract precision SlipP = 0.05, Floor = 1/4
5.95, 8.28, 8.17, 20, 0.01395211245151664, Fract precision SlipP = 0.05, Floor = 1/4
0.58, 0.90, 0.79, 20, 0.11755234200228354, Fract precision SlipP = 0.05, Floor = 1/4
0.58, 0.89, 0.77, 20, 0.13199325880755355, Fract precision SlipP = 0.05, Floor = 1/4
0.93, 1.37, 1.33, 20, 0.03201727286404434, Fract precision SlipP = 0.05, Floor = 1/4
3.73, 5.56, 4.93, 20, 0.11240791010818298, Fract precision SlipP = 0.05, Floor = 1/4
2.57, 3.41, 3.66, 20, 0.07341938064057348, Fract precision SlipP = 0.05, Floor = 1/4
0.70, 1.02, 0.98, 20, 0.04277004597158678, Fract precision SlipP = 0.05, Floor = 1/4
0.85, 0.86, 0.91, 20, 0.06628596413794803, Fract precision SlipP = 0.05, Floor = 1/4
3.49, 5.08, 4.97, 20, 0.02314587265214125, Fract precision SlipP = 0.05, Floor = 1/4
0.73, 1.18, 1.17, 20, 0.014680794978170708, Fract precision SlipP = 0.05, Floor = 1/4
1.04, 1.46, 1.48, 20, 0.014106228408392521, Fract precision SlipP = 0.05, Floor = 1/4
0.66, 0.97, 0.93, 20, 0.039797251378873355, Fract precision SlipP = 0.05, Floor = 1/4
2.86, 4.21, 3.52, 20, 0.1659251608330183, Fract precision SlipP = 0.05, Floor = 1/4
5.75, 8.17, 5.71, 20, 0.30017045169395373, Fract precision SlipP = 0.05, Floor = 1/4
2.48, 2.68, 2.68, 20, 0.0012983124219705666, Fract precision SlipP = 0.05, Floor = 1/4
2.53, 4.01, 4.31, 20, 0.07301925284751755, Fract precision SlipP = 0.05, Floor = 1/4
3.76, 4.21, 4.23, 20, 0.004059484319086617, Fract precision SlipP = 0.05, Floor = 1/4
1.27, 1.99, 1.99, 20, 0.002073264703190284, Fract precision SlipP = 0.05, Floor = 1/4
1.17, 1.66, 1.86, 20, 0.11872056580095325, Fract precision SlipP = 0.05, Floor = 1/4
0.58, 0.90, 0.84, 20, 0.058399054180362474, Fract precision SlipP = 0.05, Floor = 1/4
4.09, 5.30, 5.26, 20, 0.008004712784638074, Fract precision SlipP = 0.05, Floor = 1/4
5.43, 6.65, 7.55, 20, 0.13557211701722444, Fract precision SlipP = 0.05, Floor = 1/4
3.36, 4.83, 4.42, 20, 0.08512595888886071, Fract precision SlipP = 0.05, Floor = 1/4
1.11, 1.69, 1.56, 20, 0.07507041511099484, Fract precision SlipP = 0.05, Floor = 1/4
6.21, 8.38, 8.00, 20, 0.04583154970087023, Fract precision SlipP = 0.05, Floor = 1/4
2.64, 3.97, 3.25, 20, 0.18216240366155376, Fract precision SlipP = 0.05, Floor = 1/4
2.53, 3.91, 3.85, 20, 0.01513833661926591, Fract precision SlipP = 0.05, Floor = 1/4
7.34, 9.75, 8.43, 20, 0.13483396563046388, Fract precision SlipP = 0.05, Floor = 1/4
2.75, 4.01, 4.25, 20, 0.059871678734701415, Fract precision SlipP = 0.05, Floor = 1/4
5.00, 7.00, 5.73, 20, 0.1818170334614482, Fract precision SlipP = 0.05, Floor = 1/4
1.38, 2.03, 1.90, 20, 0.06159252650137186, Fract precision SlipP = 0.05, Floor = 1/4
1.64, 2.29, 2.02, 20, 0.1184928250463913, Fract precision SlipP = 0.05, Floor = 1/4
0.73, 1.05, 1.16, 20, 0.10428843768035542, Fract precision SlipP = 0.05, Floor = 1/4
2.63, 3.56, 3.66, 20, 0.02600065905306203, Fract precision SlipP = 0.05, Floor = 1/4
0.54, 0.79, 1.04, 20, 0.3118591444660152, Fract precision SlipP = 0.05, Floor = 1/4
0.94, 1.29, 1.31, 20, 0.020629307342731294, Fract precision SlipP = 0.05, Floor = 1/4
0.60, 0.86, 0.74, 20, 0.13721864444432835, Fract precision SlipP = 0.05, Floor = 1/4
0.58, 0.74, 0.89, 20, 0.20933430714375348, Fract precision SlipP = 0.05, Floor = 1/4
2.97, 4.33, 6.28, 20, 0.4520442999723966, Fract precision SlipP = 0.05, Floor = 1/4
5.01, 5.44, 5.74, 20, 0.05610293225758896, Fract precision SlipP = 0.05, Floor = 1/4
8.03, 9.47, 8.93, 20, 0.05709441752876642, Fract precision SlipP = 0.05, Floor = 1/4
0.68, 0.97, 0.94, 20, 0.03563600390860161, Fract precision SlipP = 0.05, Floor = 1/4
0.68, 0.79, 0.88, 20, 0.1244212715037151, Fract precision SlipP = 0.05, Floor = 1/4
8.47, 9.31, 9.44, 20, 0.0140937977099876, Fract precision SlipP = 0.05, Floor = 1/4
2.18, 2.94, 2.82, 20, 0.04069794198316573, Fract precision SlipP = 0.05, Floor = 1/4
3.40, 3.97, 3.83, 20, 0.03585335496129545, Fract precision SlipP = 0.05, Floor = 1/4
0.76, 0.91, 0.99, 20, 0.0891594349871289, Fract precision SlipP = 0.05, Floor = 1/4
1.27, 1.63, 1.69, 20, 0.03203565343120016, Fract precision SlipP = 0.05, Floor = 1/4
1.66, 2.66, 2.37, 20, 0.11085024452213955, Fract precision SlipP = 0.05, Floor = 1/4
1.43, 2.03, 1.90, 20, 0.06504873862704237, Fract precision SlipP = 0.05, Floor = 1/4
0.50, 0.79, 0.70, 20, 0.11365460413334903, Fract precision SlipP = 0.05, Floor = 1/4
4.11, 4.70, 4.74, 20, 0.009264059330049961, Fract precision SlipP = 0.05, Floor = 1/4
1.56, 2.47, 2.80, 20, 0.1342242787802136, Fract precision SlipP = 0.05, Floor = 1/4
2.60, 3.56, 3.72, 20, 0.043698063092683655, Fract precision SlipP = 0.05, Floor = 1/4
0.40, 0.56, 0.65, 20, 0.15304028846841633, Fract precision SlipP = 0.05, Floor = 1/4
0.92, 1.23, 1.32, 20, 0.07524161579558217, Fract precision SlipP = 0.05, Floor = 1/4
5.94, 9.34, 8.73, 20, 0.06516954206885986, Fract precision SlipP = 0.05, Floor = 1/4
6.41, 8.13, 7.87, 20, 0.03149885784301389, Fract precision SlipP = 0.05, Floor = 1/4
5.52, 8.54, 8.00, 20, 0.06395864572717196, Fract precision SlipP = 0.05, Floor = 1/4
0.97, 1.37, 1.31, 20, 0.04381293896190227, Fract precision SlipP = 0.05, Floor = 1/4
0.53, 0.56, 0.58, 20, 0.033628705037342776, Fract precision SlipP = 0.05, Floor = 1/4
0.75, 0.93, 0.95, 20, 0.02459834328348237, Fract precision SlipP = 0.05, Floor = 1/4
0.67, 0.90, 0.96, 20, 0.07141216465972372, Fract precision SlipP = 0.05, Floor = 1/4
2.98, 4.70, 4.99, 20, 0.062497869741347384, Fract precision SlipP = 0.05, Floor = 1/4
4.42, 7.06, 5.94, 20, 0.15834042339724097, Fract precision SlipP = 0.05, Floor = 1/4
4.20, 6.49, 6.38, 20, 0.01729650008037865, Fract precision SlipP = 0.05, Floor = 1/4
4.41, 7.16, 4.62, 20, 0.35459923077112404, Fract precision SlipP = 0.05, Floor = 1/4
3.31, 5.35, 5.55, 20, 0.036082308888568206, Fract precision SlipP = 0.05, Floor = 1/4
3.12, 4.43, 3.52, 20, 0.20554113147130726, Fract precision SlipP = 0.05, Floor = 1/4
2.82, 3.65, 3.72, 20, 0.01791883914333944, Fract precision SlipP = 0.05, Floor = 1/4
1.81, 2.48, 2.58, 20, 0.03853309837569934, Fract precision SlipP = 0.05, Floor = 1/4
2.95, 3.99, 3.93, 20, 0.015334900656261327, Fract precision SlipP = 0.05, Floor = 1/4
3.94, 4.32, 4.44, 20, 0.026909134844536692, Fract precision SlipP = 0.05, Floor = 1/4
2.14, 2.47, 2.34, 20, 0.0509801078368039, Fract precision SlipP = 0.05, Floor = 1/4
3.29, 3.98, 3.73, 20, 0.06116940086303316, Fract precision SlipP = 0.05, Floor = 1/4
0.87, 1.25, 1.27, 20, 0.01587275693434437, Fract precision SlipP = 0.05, Floor = 1/4
2.92, 4.52, 3.48, 20, 0.23163778026701534, Fract precision SlipP = 0.05, Floor = 1/4
0.49, 0.64, 0.66, 20, 0.0370724075709872, Fract precision SlipP = 0.05, Floor = 1/4
2.01, 3.09, 2.92, 20, 0.05269271518509157, Fract precision SlipP = 0.05, Floor = 1/4
0.91, 1.29, 1.12, 20, 0.13217534723335247, Fract precision SlipP = 0.05, Floor = 1/4
1.35, 1.85, 1.65, 20, 0.10605824842753787, Fract precision SlipP = 0.05, Floor = 1/4
3.86, 5.24, 5.50, 20, 0.04896169881506003, Fract precision SlipP = 0.05, Floor = 1/4
0.90, 1.19, 1.21, 20, 0.013531067143501788, Fract precision SlipP = 0.05, Floor = 1/4
1.01, 1.85, 1.40, 20, 0.24368911092697218, Fract precision SlipP = 0.05, Floor = 1/4
0.76, 0.89, 0.91, 20, 0.02162146618061031, Fract precision SlipP = 0.05, Floor = 1/4
3.93, 5.13, 5.30, 20, 0.03269589927616412, Fract precision SlipP = 0.05, Floor = 1/4
7.17, 7.50, 7.93, 20, 0.057223646163167344, Fract precision SlipP = 0.05, Floor = 1/4
2.44, 2.65, 2.49, 20, 0.06027919373585529, Fract precision SlipP = 0.05, Floor = 1/4
2.46, 2.80, 2.90, 20, 0.03294808012032381, Fract precision SlipP = 0.05, Floor = 1/4
0.39, 0.59, 0.59, 20, 0.011166626460730422, Fract precision SlipP = 0.05, Floor = 1/4
2.64, 3.01, 3.02, 20, 0.003680860527256387, Fract precision SlipP = 0.05, Floor = 1/4
1.87, 2.68, 2.70, 20, 0.007660171031629785, Fract precision SlipP = 0.05, Floor = 1/4
6.08, 8.39, 9.12, 20, 0.08717727710759997, Fract precision SlipP = 0.05, Floor = 1/4
1.04, 1.22, 1.42, 20, 0.16033208200539803, Fract precision SlipP = 0.05, Floor = 1/4
2.32, 2.83, 2.70, 20, 0.04598805383282797, Fract precision SlipP = 0.05, Floor = 1/4
0.78, 1.14, 1.14, 20, 0.0064248220031851155, Fract precision SlipP = 0.05, Floor = 1/4
2.93, 3.33, 3.24, 20, 0.02682699313950588, Fract precision SlipP = 0.05, Floor = 1/4
0.52, 0.71, 0.68, 20, 0.040165665736611726, Fract precision SlipP = 0.05, Floor = 1/4
2.09, 2.55, 2.42, 20, 0.04948125224830872, Fract precision SlipP = 0.05, Floor = 1/4
0.61, 0.91, 1.30, 20, 0.42556389341492806, Fract precision SlipP = 0.05, Floor = 1/4
2.89, 3.81, 3.49, 20, 0.08415397139197943, Fract precision SlipP = 0.05, Floor = 1/4
2.69, 3.95, 4.53, 20, 0.14737689589365777, Fract precision SlipP = 0.05, Floor = 1/4
7.16, 8.45, 8.57, 20, 0.014235624665680345, Fract precision SlipP = 0.05, Floor = 1/4
1.16, 1.22, 1.24, 20, 0.01951096236076147, Fract precision SlipP = 0.05, Floor = 1/4
4.95, 7.58, 6.49, 20, 0.144039521582009, Fract precision SlipP = 0.05, Floor = 1/4
0.88, 1.43, 1.26, 20, 0.11936789299686894, Fract precision SlipP = 0.05, Floor = 1/4
0.79, 0.99, 1.09, 20, 0.09606666316626766, Fract precision SlipP = 0.05, Floor = 1/4
2.71, 3.58, 3.64, 20, 0.015329601948416793, Fract precision SlipP = 0.05, Floor = 1/4
1.83, 2.31, 2.38, 20, 0.032284864076514166, Fract precision SlipP = 0.05, Floor = 1/4
2.47, 3.24, 2.47, 20, 0.23778729885542207, Fract precision SlipP = 0.05, Floor = 1/4
1.60, 1.96, 2.04, 20, 0.0399243336373155, Fract precision SlipP = 0.05, Floor = 1/4
0.89, 1.38, 1.25, 20, 0.09618801373955967, Fract precision SlipP = 0.05, Floor = 1/4
0.38, 0.60, 0.53, 20, 0.10596148240280819, Fract precision SlipP = 0.05, Floor = 1/4
1.51, 2.14, 2.05, 20, 0.03978545131914531, Fract precision SlipP = 0.05, Floor = 1/4
0.54, 0.82, 0.90, 20, 0.0861213425606848, Fract precision SlipP = 0.05, Floor = 1/4
1.74, 2.49, 2.55, 20, 0.02458902977321885, Fract precision SlipP = 0.05, Floor = 1/4
0.77, 0.97, 1.17, 20, 0.20762646144047703, Fract precision SlipP = 0.05, Floor = 1/4
0.80, 1.31, 1.34, 20, 0.02189339208041583, Fract precision SlipP = 0.05, Floor = 1/4
1.25, 1.49, 1.54, 20, 0.03434268624932477, Fract precision SlipP = 0.05, Floor = 1/4
0.68, 0.98, 1.05, 20, 0.07151053758319936, Fract precision SlipP = 0.05, Floor = 1/4
2.11, 2.92, 2.90, 20, 0.005364043224843192, Fract precision SlipP = 0.05, Floor = 1/4
0.90, 1.28, 1.39, 20, 0.09030941416242921, Fract precision SlipP = 0.05, Floor = 1/4
1.14, 1.91, 2.26, 20, 0.18640978693830523, Fract precision SlipP = 0.05, Floor = 1/4
0.43, 0.64, 0.63, 20, 0.026172978211966888, Fract precision SlipP = 0.05, Floor = 1/4
1.85, 2.66, 1.92, 20, 0.27836091221420706, Fract precision SlipP = 0.05, Floor = 1/4
2.57, 3.34, 3.40, 20, 0.015893532445023763, Fract precision SlipP = 0.05, Floor = 1/4
4.98, 7.47, 6.44, 20, 0.1378536235562168, Fract precision SlipP = 0.05, Floor = 1/4
0.63, 0.72, 0.69, 20, 0.046798652675810855, Fract precision SlipP = 0.05, Floor = 1/4
2.01, 2.75, 3.05, 20, 0.10765964254075687, Fract precision SlipP = 0.05, Floor = 1/4
3.68, 5.34, 5.43, 20, 0.017908492819525078, Fract precision SlipP = 0.05, Floor = 1/4
0.99, 1.39, 1.38, 20, 0.0071168591988707555, Fract precision SlipP = 0.05, Floor = 1/4
0.48, 0.56, 0.55, 20, 0.01520206404275826, Fract precision SlipP = 0.05, Floor = 1/4
1.09, 1.67, 1.39, 20, 0.1697664029227726, Fract precision SlipP = 0.05, Floor = 1/4
1.10, 1.71, 2.39, 20, 0.39816314544401793, Fract precision SlipP = 0.05, Floor = 1/4
0.79, 1.02, 1.10, 20, 0.08469643734216718, Fract precision SlipP = 0.05, Floor = 1/4
1.55, 2.53, 2.43, 20, 0.04023109380927377, Fract precision SlipP = 0.05, Floor = 1/4
1.30, 1.84, 1.87, 20, 0.014878429463571152, Fract precision SlipP = 0.05, Floor = 1/4
2.92, 3.21, 3.32, 20, 0.033466597734690164, Fract precision SlipP = 0.05, Floor = 1/4
0.47, 0.68, 0.74, 20, 0.08629040641238656, Fract precision SlipP = 0.05, Floor = 1/4
4.28, 5.96, 5.62, 20, 0.05670699426759193, Fract precision SlipP = 0.05, Floor = 1/4
4.71, 6.36, 6.56, 20, 0.031533340359968826, Fract precision SlipP = 0.05, Floor = 1/4
2.85, 4.20, 4.72, 20, 0.1229782929488234, Fract precision SlipP = 0.05, Floor = 1/4
1.38, 1.83, 1.98, 20, 0.08321856717656971, Fract precision SlipP = 0.05, Floor = 1/4
6.02, 8.39, 9.04, 20, 0.07735977160689135, Fract precision SlipP = 0.05, Floor = 1/4
5.57, 7.66, 8.32, 20, 0.0858401327535314, Fract precision SlipP = 0.05, Floor = 1/4
1.46, 2.06, 2.20, 20, 0.0683575482975914, Fract precision SlipP = 0.05, Floor = 1/4
1.66, 2.38, 2.22, 20, 0.06779807967712422, Fract precision SlipP = 0.05, Floor = 1/4
0.40, 0.64, 0.64, 20, 0.0026177428783336733, Fract precision SlipP = 0.05, Floor = 1/4
2.78, 3.76, 3.73, 20, 0.006105437427186025, Fract precision SlipP = 0.05, Floor = 1/4
0.86, 1.25, 1.15, 20, 0.0812256712107819, Fract precision SlipP = 0.05, Floor = 1/4
1.12, 1.27, 1.21, 20, 0.04676153639045792, Fract precision SlipP = 0.05, Floor = 1/4
2.59, 3.68, 5.02, 20, 0.3632774509737417, Fract precision SlipP = 0.05, Floor = 1/4
0.44, 0.72, 0.55, 20, 0.23368175137199354, Fract precision SlipP = 0.05, Floor = 1/4
2.23, 3.50, 3.64, 20, 0.04062610354435476, Fract precision SlipP = 0.05, Floor = 1/4
1.12, 1.52, 1.23, 20, 0.19072500898243994, Fract precision SlipP = 0.05, Floor = 1/4
3.49, 5.19, 5.00, 20, 0.03600937533303381, Fract precision SlipP = 0.05, Floor = 1/4
4.26, 6.58, 6.79, 20, 0.0316878453041446, Fract precision SlipP = 0.05, Floor = 1/4
2.37, 3.36, 3.56, 20, 0.057280586344232436, Fract precision SlipP = 0.05, Floor = 1/4
0.68, 0.74, 0.73, 20, 0.01236497548446224, Fract precision SlipP = 0.05, Floor = 1/4
6.01, 9.74, 9.06, 20, 0.07004483472626068, Fract precision SlipP = 0.05, Floor = 1/4
5.36, 7.36, 7.16, 20, 0.027128462133625034, Fract precision SlipP = 0.05, Floor = 1/4
0.85, 1.34, 1.34, 20, 1.4966523344927643e-05, Fract precision SlipP = 0.05, Floor = 1/4
0.92, 1.07, 1.36, 20, 0.27830060931222644, Fract precision SlipP = 0.05, Floor = 1/4
2.64, 3.26, 2.99, 20, 0.0808071972282524, Fract precision SlipP = 0.05, Floor = 1/4
0.38, 0.62, 0.63, 20, 0.010540812059417615, Fract precision SlipP = 0.05, Floor = 1/4
0.65, 0.95, 0.84, 20, 0.11630178734914753, Fract precision SlipP = 0.05, Floor = 1/4
2.17, 3.14, 3.50, 20, 0.11420681289781741, Fract precision SlipP = 0.05, Floor = 1/4
0.73, 1.05, 1.06, 20, 0.007761988721574884, Fract precision SlipP = 0.05, Floor = 1/4
6.34, 6.86, 7.08, 20, 0.032521430273018286, Fract precision SlipP = 0.05, Floor = 1/4
1.42, 1.71, 1.48, 20, 0.13328500163178594, Fract precision SlipP = 0.05, Floor = 1/4
3.74, 5.13, 3.85, 20, 0.24859757061257273, Fract precision SlipP = 0.05, Floor = 1/4
2.87, 4.13, 4.38, 20, 0.05993083075085144, Fract precision SlipP = 0.05, Floor = 1/4
0.76, 0.94, 0.95, 20, 0.007175961794939587, Fract precision SlipP = 0.05, Floor = 1/4
3.17, 4.66, 4.14, 20, 0.11141942637991487, Fract precision SlipP = 0.05, Floor = 1/4
2.15, 2.78, 2.42, 20, 0.12952672995343437, Fract precision SlipP = 0.05, Floor = 1/4
0.60, 0.93, 0.77, 20, 0.1743519507582986, Fract precision SlipP = 0.05, Floor = 1/4
0.65, 0.89, 0.83, 20, 0.06593774591549525, Fract precision SlipP = 0.05, Floor = 1/4
2.18, 3.19, 3.44, 20, 0.08011915500242127, Fract precision SlipP = 0.05, Floor = 1/4
3.58, 4.59, 3.99, 20, 0.13135845366935797, Fract precision SlipP = 0.05, Floor = 1/4
0.86, 1.25, 1.07, 20, 0.1439470297017587, Fract precision SlipP = 0.05, Floor = 1/4
1.69, 2.37, 1.96, 20, 0.17309308409530358, Fract precision SlipP = 0.05, Floor = 1/4
0.67, 0.89, 0.97, 20, 0.10003153105974319, Fract precision SlipP = 0.05, Floor = 1/4
2.80, 4.08, 3.35, 20, 0.17833710499934424, Fract precision SlipP = 0.05, Floor = 1/4
0.37, 0.51, 0.54, 20, 0.05951483058568321, Fract precision SlipP = 0.05, Floor = 1/4
0.81, 1.25, 1.20, 20, 0.041118330864401635, Fract precision SlipP = 0.05, Floor = 1/4
0.39, 0.56, 0.58, 20, 0.03934062052744905, Fract precision SlipP = 0.05, Floor = 1/4
0.71, 0.95, 0.94, 20, 0.011726559205932954, Fract precision SlipP = 0.05, Floor = 1/4
3.31, 4.74, 4.69, 20, 0.010264806754350226, Fract precision SlipP = 0.05, Floor = 1/4
1.65, 2.08, 2.02, 20, 0.03177076801585345, Fract precision SlipP = 0.05, Floor = 1/4
1.30, 1.49, 1.60, 20, 0.07026041335247231, Fract precision SlipP = 0.05, Floor = 1/4
1.67, 2.12, 2.16, 20, 0.0224481308523008, Fract precision SlipP = 0.05, Floor = 1/4
4.41, 5.67, 5.22, 20, 0.07930072922918642, Fract precision SlipP = 0.05, Floor = 1/4
2.25, 2.95, 2.62, 20, 0.11158604645974998, Fract precision SlipP = 0.05, Floor = 1/4
6.05, 6.90, 6.89, 20, 0.001881912504534049, Fract precision SlipP = 0.05, Floor = 1/4
1.09, 1.72, 1.67, 20, 0.03001376354715744, Fract precision SlipP = 0.05, Floor = 1/4
3.42, 5.10, 4.79, 20, 0.06191841773920906, Fract precision SlipP = 0.05, Floor = 1/4
0.86, 1.17, 1.22, 20, 0.04012310270376573, Fract precision SlipP = 0.05, Floor = 1/4
0.84, 1.14, 1.09, 20, 0.05055350388198808, Fract precision SlipP = 0.05, Floor = 1/4
0.36, 0.60, 0.65, 20, 0.07989721578247785, Fract precision SlipP = 0.05, Floor = 1/4
1.61, 2.30, 2.24, 20, 0.02620814297193414, Fract precision SlipP = 0.05, Floor = 1/4
0.56, 0.60, 0.66, 20, 0.09640057167599156, Fract precision SlipP = 0.05, Floor = 1/4
6.36, 9.67, 8.91, 20, 0.07851455155544584, Fract precision SlipP = 0.05, Floor = 1/4
0.78, 1.06, 1.10, 20, 0.03026833553225825, Fract precision SlipP = 0.05, Floor = 1/4
6.27, 7.49, 6.92, 20, 0.07590136085676434, Fract precision SlipP = 0.05, Floor = 1/4
5.59, 8.23, 6.85, 20, 0.16729609208218232, Fract precision SlipP = 0.05, Floor = 1/4
4.26, 6.40, 6.00, 20, 0.06255798526457959, Fract precision SlipP = 0.05, Floor = 1/4
1.18, 1.87, 2.31, 20, 0.23426431862494027, Fract precision SlipP = 0.05, Floor = 1/4
1.76, 2.76, 2.59, 20, 0.06169678607107923, Fract precision SlipP = 0.05, Floor = 1/4
3.46, 4.78, 3.67, 20, 0.23161779750847927, Fract precision SlipP = 0.05, Floor = 1/4
2.97, 4.45, 5.02, 20, 0.12817826254008197, Fract precision SlipP = 0.05, Floor = 1/4
1.67, 1.92, 1.88, 20, 0.021352006948617434, Fract precision SlipP = 0.05, Floor = 1/4
1.49, 2.10, 1.72, 20, 0.1782538330143618, Fract precision SlipP = 0.05, Floor = 1/4
1.50, 1.90, 2.09, 20, 0.10406610666634714, Fract precision SlipP = 0.05, Floor = 1/4
1.08, 1.49, 1.28, 20, 0.14283206156511616, Fract precision SlipP = 0.05, Floor = 1/4
0.63, 0.84, 0.85, 20, 0.012936183269876916, Fract precision SlipP = 0.05, Floor = 1/4
2.33, 3.46, 5.30, 20, 0.5326001267269879, Fract precision SlipP = 0.05, Floor = 1/4
2.86, 4.54, 3.71, 20, 0.18312085015976018, Fract precision SlipP = 0.05, Floor = 1/4
1.71, 2.17, 2.48, 20, 0.14364151307606363, Fract precision SlipP = 0.05, Floor = 1/4
1.64, 1.96, 2.08, 20, 0.058777088235922724, Fract precision SlipP = 0.05, Floor = 1/4
3.06, 4.38, 5.13, 20, 0.1699888134128604, Fract precision SlipP = 0.05, Floor = 1/4
6.96, 9.48, 8.49, 20, 0.10395204176295415, Fract precision SlipP = 0.05, Floor = 1/4
1.51, 1.99, 1.95, 20, 0.021533811002284516, Fract precision SlipP = 0.05, Floor = 1/4
1.96, 2.71, 2.83, 20, 0.043212730937773676, Fract precision SlipP = 0.05, Floor = 1/4
2.67, 2.87, 3.23, 20, 0.12478477858554188, Fract precision SlipP = 0.05, Floor = 1/4
0.66, 0.96, 1.14, 20, 0.18191653696157267, Fract precision SlipP = 0.05, Floor = 1/4
1.10, 1.23, 1.28, 20, 0.034637292009506736, Fract precision SlipP = 0.05, Floor = 1/4
1.09, 1.51, 1.23, 20, 0.18558058340150393, Fract precision SlipP = 0.05, Floor = 1/4
4.12, 5.66, 5.68, 20, 0.0031182840546322426, Fract precision SlipP = 0.05, Floor = 1/4
1.12, 1.37, 1.29, 20, 0.05362321219068581, Fract precision SlipP = 0.05, Floor = 1/4
1.06, 1.30, 1.30, 20, 0.004453358146776993, Fract precision SlipP = 0.05, Floor = 1/4
1.06, 1.25, 1.28, 20, 0.024431543685290602, Fract precision SlipP = 0.05, Floor = 1/4
4.83, 6.33, 6.50, 20, 0.027178582469820967, Fract precision SlipP = 0.05, Floor = 1/4
5.37, 8.24, 6.85, 20, 0.1679125687953983, Fract precision SlipP = 0.05, Floor = 1/4
5.56, 8.23, 7.26, 20, 0.1176624262604898, Fract precision SlipP = 0.05, Floor = 1/4
1.44, 2.17, 1.87, 20, 0.13605213328304872, Fract precision SlipP = 0.05, Floor = 1/4
5.56, 7.92, 6.81, 20, 0.14009077782106313, Fract precision SlipP = 0.05, Floor = 1/4
0.59, 1.02, 0.92, 20, 0.09417570762158539, Fract precision SlipP = 0.05, Floor = 1/4
1.11, 1.93, 1.36, 20, 0.29156917857979764, Fract precision SlipP = 0.05, Floor = 1/4
0.90, 1.05, 1.12, 20, 0.06964623398167648, Fract precision SlipP = 0.05, Floor = 1/4
1.68, 2.44, 2.64, 20, 0.08216290909624198, Fract precision SlipP = 0.05, Floor = 1/4
1.81, 2.27, 2.37, 20, 0.046528149783757695, Fract precision SlipP = 0.05, Floor = 1/4
1.45, 2.07, 1.92, 20, 0.07134055750333124, Fract precision SlipP = 0.05, Floor = 1/4
2.06, 2.85, 3.43, 20, 0.2007208023962157, Fract precision SlipP = 0.05, Floor = 1/4
3.76, 5.46, 6.41, 20, 0.17344598497448965, Fract precision SlipP = 0.05, Floor = 1/4
3.27, 4.70, 4.73, 20, 0.006935432465575474, Fract precision SlipP = 0.05, Floor = 1/4
0.95, 1.27, 1.21, 20, 0.04514787505777941, Fract precision SlipP = 0.05, Floor = 1/4
3.41, 4.50, 4.27, 20, 0.05224600225046967, Fract precision SlipP = 0.05, Floor = 1/4
5.13, 6.01, 4.18, 20, 0.30490574220503586, Fract precision SlipP = 0.05, Floor = 1/4
0.68, 0.93, 0.90, 20, 0.03696879607158844, Fract precision SlipP = 0.05, Floor = 1/4
0.56, 0.76, 0.84, 20, 0.1088839290763568, Fract precision SlipP = 0.05, Floor = 1/4
0.65, 0.78, 0.86, 20, 0.10327609796559879, Fract precision SlipP = 0.05, Floor = 1/4
4.14, 6.41, 7.03, 20, 0.09716805084799736, Fract precision SlipP = 0.05, Floor = 1/4
2.09, 2.99, 2.96, 20, 0.011824106000245742, Fract precision SlipP = 0.05, Floor = 1/4
2.38, 3.35, 3.10, 20, 0.07339457520331483, Fract precision SlipP = 0.05, Floor = 1/4
1.06, 1.63, 1.17, 20, 0.28173433460452146, Fract precision SlipP = 0.05, Floor = 1/4
0.84, 1.11, 1.10, 20, 0.007305473184126459, Fract precision SlipP = 0.05, Floor = 1/4
1.10, 1.48, 1.49, 20, 0.007827984152588847, Fract precision SlipP = 0.05, Floor = 1/4
1.43, 2.22, 1.96, 20, 0.1176399568833598, Fract precision SlipP = 0.05, Floor = 1/4
0.89, 1.40, 1.18, 20, 0.1591982771961333, Fract precision SlipP = 0.05, Floor = 1/4
4.09, 6.01, 7.64, 20, 0.27123225957914654, Fract precision SlipP = 0.05, Floor = 1/4
3.79, 6.40, 4.86, 20, 0.2401029492666263, Fract precision SlipP = 0.05, Floor = 1/4
1.82, 2.01, 1.93, 20, 0.03992930201625193, Fract precision SlipP = 0.05, Floor = 1/4
1.25, 1.70, 1.52, 20, 0.10565192621345426, Fract precision SlipP = 0.05, Floor = 1/4
3.73, 5.58, 5.43, 20, 0.026763853440898933, Fract precision SlipP = 0.05, Floor = 1/4
2.40, 2.94, 3.28, 20, 0.1163663978830548, Fract precision SlipP = 0.05, Floor = 1/4
6.66, 7.45, 7.33, 20, 0.016377668378999895, Fract precision SlipP = 0.05, Floor = 1/4
3.80, 4.49, 5.00, 20, 0.11341964979881028, Fract precision SlipP = 0.05, Floor = 1/4
0.66, 1.00, 0.95, 20, 0.04951368289026889, Fract precision SlipP = 0.05, Floor = 1/4
0.73, 0.85, 0.83, 20, 0.033173761269737756, Fract precision SlipP = 0.05, Floor = 1/4
2.89, 3.56, 3.68, 20, 0.034076646496285994, Fract precision SlipP = 0.05, Floor = 1/4
1.75, 2.33, 2.15, 20, 0.07440468020903183, Fract precision SlipP = 0.05, Floor = 1/4
3.84, 5.06, 4.24, 20, 0.16255694668016174, Fract precision SlipP = 0.05, Floor = 1/4
2.62, 3.92, 3.33, 20, 0.15177090920452255, Fract precision SlipP = 0.05, Floor = 1/4
0.70, 0.93, 0.77, 20, 0.16435392038981153, Fract precision SlipP = 0.05, Floor = 1/4
0.48, 0.67, 0.68, 20, 0.02627728457585501, Fract precision SlipP = 0.05, Floor = 1/4
0.91, 1.44, 1.33, 20, 0.07853762269830632, Fract precision SlipP = 0.05, Floor = 1/4
2.82, 3.95, 3.68, 20, 0.06781309347912731, Fract precision SlipP = 0.05, Floor = 1/4
0.63, 0.81, 0.75, 20, 0.06889456466294132, Fract precision SlipP = 0.05, Floor = 1/4
4.58, 4.68, 4.72, 20, 0.00811648977480384, Fract precision SlipP = 0.05, Floor = 1/4
3.47, 5.02, 4.23, 20, 0.15751334332572584, Fract precision SlipP = 0.05, Floor = 1/4
1.10, 1.53, 1.38, 20, 0.10240171439863768, Fract precision SlipP = 0.05, Floor = 1/4
0.84, 1.21, 1.37, 20, 0.13689851364643485, Fract precision SlipP = 0.05, Floor = 1/4
3.11, 4.12, 4.12, 20, 0.0012781503154976452, Fract precision SlipP = 0.05, Floor = 1/4
1.68, 2.40, 2.31, 20, 0.04058643292154817, Fract precision SlipP = 0.05, Floor = 1/4
7.39, 8.82, 8.89, 20, 0.008512749052629734, Fract precision SlipP = 0.05, Floor = 1/4
0.67, 1.04, 0.99, 20, 0.0479079163813964, Fract precision SlipP = 0.05, Floor = 1/4
2.62, 2.92, 3.07, 20, 0.05089484975399146, Fract precision SlipP = 0.05, Floor = 1/4
7.41, 8.62, 8.97, 20, 0.04091486331966293, Fract precision SlipP = 0.05, Floor = 1/4
1.34, 2.04, 1.61, 20, 0.21047477928015962, Fract precision SlipP = 0.05, Floor = 1/4
2.22, 3.46, 4.29, 20, 0.2401100865594957, Fract precision SlipP = 0.05, Floor = 1/4
6.60, 7.88, 7.35, 20, 0.06760412851152271, Fract precision SlipP = 0.05, Floor = 1/4
2.82, 3.72, 3.92, 20, 0.053535918199747665, Fract precision SlipP = 0.05, Floor = 1/4
3.36, 4.94, 4.83, 20, 0.021180778520778612, Fract precision SlipP = 0.05, Floor = 1/4
3.69, 4.40, 4.72, 20, 0.07257676879517067, Fract precision SlipP = 0.05, Floor = 1/4
0.60, 1.00, 1.03, 20, 0.027288149114702006, Fract precision SlipP = 0.05, Floor = 1/4
3.04, 4.37, 3.54, 20, 0.18913837516952914, Fract precision SlipP = 0.05, Floor = 1/4
2.07, 2.82, 2.65, 20, 0.05935764795648078, Fract precision SlipP = 0.05, Floor = 1/4
0.97, 1.58, 1.26, 20, 0.19994969902749346, Fract precision SlipP = 0.05, Floor = 1/4
2.18, 2.48, 2.59, 20, 0.04333184929428821, Fract precision SlipP = 0.05, Floor = 1/4
3.07, 4.33, 4.26, 20, 0.0168068002409802, Fract precision SlipP = 0.05, Floor = 1/4
3.81, 6.03, 2.86, 20, 0.525950956789886, Fract precision SlipP = 0.05, Floor = 1/4
0.63, 0.83, 0.84, 20, 0.012835389233539678, Fract precision SlipP = 0.05, Floor = 1/4
1.45, 2.04, 2.04, 20, 0.0014173521961118438, Fract precision SlipP = 0.05, Floor = 1/4
2.45, 3.15, 3.34, 20, 0.06251223969967593, Fract precision SlipP = 0.05, Floor = 1/4
4.62, 5.73, 6.75, 20, 0.1779872306492647, Fract precision SlipP = 0.05, Floor = 1/4
4.76, 7.49, 7.71, 20, 0.0287615628738627, Fract precision SlipP = 0.05, Floor = 1/4
1.32, 1.63, 1.57, 20, 0.039068632762054856, Fract precision SlipP = 0.05, Floor = 1/4
1.74, 2.21, 2.49, 20, 0.127317775758934, Fract precision SlipP = 0.05, Floor = 1/4
0.47, 0.57, 0.61, 20, 0.07379193173142322, Fract precision SlipP = 0.05, Floor = 1/4
1.75, 2.78, 2.65, 20, 0.047994265078630145, Fract precision SlipP = 0.05, Floor = 1/4
3.80, 5.95, 5.25, 20, 0.1185859987552161, Fract precision SlipP = 0.05, Floor = 1/4
4.93, 6.07, 7.11, 20, 0.17231605129056668, Fract precision SlipP = 0.05, Floor = 1/4
2.65, 3.95, 3.86, 20, 0.021074414554048407, Fract precision SlipP = 0.05, Floor = 1/4
1.23, 1.45, 1.39, 20, 0.0388435999671907, Fract precision SlipP = 0.05, Floor = 1/4
6.63, 9.41, 7.45, 20, 0.20855505866344642, Fract precision SlipP = 0.05, Floor = 1/4
0.66, 0.82, 1.03, 20, 0.24714112928738524, Fract precision SlipP = 0.05, Floor = 1/4
2.12, 2.81, 2.80, 20, 0.0038364022810950136, Fract precision SlipP = 0.05, Floor = 1/4
5.62, 8.54, 7.69, 20, 0.09886862938458019, Fract precision SlipP = 0.05, Floor = 1/4
2.08, 2.48, 2.36, 20, 0.04628060796825284, Fract precision SlipP = 0.05, Floor = 1/4
1.17, 1.90, 1.70, 20, 0.104198842661859, Fract precision SlipP = 0.05, Floor = 1/4
0.36, 0.51, 0.63, 20, 0.22394905330505052, Fract precision SlipP = 0.05, Floor = 1/4
3.06, 3.78, 4.03, 20, 0.06543670764252198, Fract precision SlipP = 0.05, Floor = 1/4
1.81, 2.32, 1.81, 20, 0.22038907125723672, Fract precision SlipP = 0.05, Floor = 1/4
0.67, 1.07, 1.14, 20, 0.06260096449743982, Fract precision SlipP = 0.05, Floor = 1/4
1.93, 2.57, 2.52, 20, 0.018367755689160936, Fract precision SlipP = 0.05, Floor = 1/4
2.65, 3.34, 3.25, 20, 0.026508708812039084, Fract precision SlipP = 0.05, Floor = 1/4
1.45, 2.17, 2.07, 20, 0.045943075195163295, Fract precision SlipP = 0.05, Floor = 1/4
0.99, 1.35, 1.17, 20, 0.12859557070754024, Fract precision SlipP = 0.05, Floor = 1/4
1.38, 1.98, 1.59, 20, 0.1965801064801371, Fract precision SlipP = 0.05, Floor = 1/4
4.89, 6.41, 6.11, 20, 0.04705003503145225, Fract precision SlipP = 0.05, Floor = 1/4
1.34, 1.80, 1.73, 20, 0.04025871186791389, Fract precision SlipP = 0.05, Floor = 1/4
2.84, 2.98, 3.39, 20, 0.13542585221696235, Fract precision SlipP = 0.05, Floor = 1/4
2.55, 3.28, 3.44, 20, 0.050799079783624274, Fract precision SlipP = 0.05, Floor = 1/4
1.38, 1.94, 1.79, 20, 0.07522448831490493, Fract precision SlipP = 0.05, Floor = 1/4
5.43, 5.75, 6.10, 20, 0.06006335838500208, Fract precision SlipP = 0.05, Floor = 1/4
2.86, 4.49, 3.97, 20, 0.11565458129617685, Fract precision SlipP = 0.05, Floor = 1/4
0.49, 0.68, 0.78, 20, 0.1540394531137135, Fract precision SlipP = 0.05, Floor = 1/4
1.12, 1.21, 1.24, 20, 0.022711435999077562, Fract precision SlipP = 0.05, Floor = 1/4
7.70, 9.86, 9.77, 20, 0.008429000786461818, Fract precision SlipP = 0.05, Floor = 1/4
7.31, 9.44, 9.42, 20, 0.0026143151563407427, Fract precision SlipP = 0.05, Floor = 1/4
4.74, 6.49, 5.74, 20, 0.1153617451880298, Fract precision SlipP = 0.05, Floor = 1/4
3.75, 5.80, 6.14, 20, 0.05766656532988908, Fract precision SlipP = 0.05, Floor = 1/4
1.00, 1.45, 1.45, 20, 0.0021536671625191194, Fract precision SlipP = 0.05, Floor = 1/4
1.50, 1.93, 1.89, 20, 0.02140598084257632, Fract precision SlipP = 0.05, Floor = 1/4
0.59, 0.75, 0.77, 20, 0.03234867640043134, Fract precision SlipP = 0.05, Floor = 1/4
1.12, 1.56, 1.40, 20, 0.10168283829614778, Fract precision SlipP = 0.05, Floor = 1/4
1.12, 1.38, 1.53, 20, 0.10896792772167817, Fract precision SlipP = 0.05, Floor = 1/4
1.95, 2.57, 2.44, 20, 0.05208202142378665, Fract precision SlipP = 0.05, Floor = 1/4
6.27, 8.99, 7.83, 20, 0.1281134941890412, Fract precision SlipP = 0.05, Floor = 1/4
1.10, 1.48, 1.38, 20, 0.06808280741838059, Fract precision SlipP = 0.05, Floor = 1/4
6.44, 9.97, 8.43, 20, 0.15377516616361697, Fract precision SlipP = 0.05, Floor = 1/4
1.50, 2.23, 2.12, 20, 0.048361172277429025, Fract precision SlipP = 0.05, Floor = 1/4
1.02, 1.43, 1.52, 20, 0.05762616590209566, Fract precision SlipP = 0.05, Floor = 1/4
2.64, 3.71, 3.53, 20, 0.048775362745824634, Fract precision SlipP = 0.05, Floor = 1/4
1.36, 1.86, 1.75, 20, 0.05833895394283951, Fract precision SlipP = 0.05, Floor = 1/4
2.55, 3.38, 3.03, 20, 0.10527393629799049, Fract precision SlipP = 0.05, Floor = 1/4
2.08, 3.10, 2.75, 20, 0.11356643658066078, Fract precision SlipP = 0.05, Floor = 1/4
1.22, 1.58, 1.37, 20, 0.13566619115891865, Fract precision SlipP = 0.05, Floor = 1/4
4.04, 6.22, 3.94, 20, 0.3670240489543969, Fract precision SlipP = 0.05, Floor = 1/4
0.55, 0.85, 0.73, 20, 0.13912319965309103, Fract precision SlipP = 0.05, Floor = 1/4
1.06, 1.25, 1.05, 20, 0.1537744184099721, Fract precision SlipP = 0.05, Floor = 1/4
5.71, 8.15, 5.35, 20, 0.3439780979717899, Fract precision SlipP = 0.05, Floor = 1/4
2.31, 3.16, 3.06, 20, 0.03184331494653009, Fract precision SlipP = 0.05, Floor = 1/4
2.29, 3.09, 3.16, 20, 0.023913380917436007, Fract precision SlipP = 0.05, Floor = 1/4
2.77, 3.88, 3.89, 20, 0.0016861035365576366, Fract precision SlipP = 0.05, Floor = 1/4
1.04, 1.53, 1.47, 20, 0.04233958286972441, Fract precision SlipP = 0.05, Floor = 1/4
3.53, 5.06, 4.49, 20, 0.11250189636501119, Fract precision SlipP = 0.05, Floor = 1/4
0.35, 0.57, 0.56, 20, 0.008410943939751697, Fract precision SlipP = 0.05, Floor = 1/4
1.24, 1.99, 1.68, 20, 0.1546728089073467, Fract precision SlipP = 0.05, Floor = 1/4
1.49, 2.50, 2.44, 20, 0.02557688499489966, Fract precision SlipP = 0.05, Floor = 1/4
4.04, 5.02, 4.99, 20, 0.0065555747253687145, Fract precision SlipP = 0.05, Floor = 1/4
4.27, 4.74, 4.67, 20, 0.015286231877348158, Fract precision SlipP = 0.05, Floor = 1/4
2.75, 3.52, 3.75, 20, 0.06516794020336018, Fract precision SlipP = 0.05, Floor = 1/4
1.08, 1.28, 1.32, 20, 0.02735046905908151, Fract precision SlipP = 0.05, Floor = 1/4
1.28, 1.62, 1.81, 20, 0.11493374781274064, Fract precision SlipP = 0.05, Floor = 1/4
3.82, 5.15, 5.27, 20, 0.02347101035074051, Fract precision SlipP = 0.05, Floor = 1/4
3.09, 4.66, 4.38, 20, 0.06071965831478659, Fract precision SlipP = 0.05, Floor = 1/4
1.44, 2.11, 2.02, 20, 0.045594117123932444, Fract precision SlipP = 0.05, Floor = 1/4
0.47, 0.73, 0.75, 20, 0.03232575238091868, Fract precision SlipP = 0.05, Floor = 1/4
7.44, 9.72, 9.75, 20, 0.003587696942230433, Fract precision SlipP = 0.05, Floor = 1/4
1.90, 2.67, 2.75, 20, 0.027905426567049856, Fract precision SlipP = 0.05, Floor = 1/4
2.23, 3.37, 3.15, 20, 0.06573953444044134, Fract precision SlipP = 0.05, Floor = 1/4
6.15, 6.59, 7.01, 20, 0.06417874494839576, Fract precision SlipP = 0.05, Floor = 1/4
5.95, 8.42, 8.79, 20, 0.04436079348863512, Fract precision SlipP = 0.05, Floor = 1/4
2.23, 2.94, 2.96, 20, 0.006376657955460738, Fract precision SlipP = 0.05, Floor = 1/4
3.19, 4.94, 3.99, 20, 0.19147740106661115, Fract precision SlipP = 0.05, Floor = 1/4
0.53, 0.72, 0.71, 20, 0.016962679635213817, Fract precision SlipP = 0.05, Floor = 1/4
0.59, 0.91, 1.09, 20, 0.19793484477343276, Fract precision SlipP = 0.05, Floor = 1/4
1.42, 2.09, 2.05, 20, 0.019831062007078622, Fract precision SlipP = 0.05, Floor = 1/4
2.34, 3.08, 2.59, 20, 0.1567756693071598, Fract precision SlipP = 0.05, Floor = 1/4
1.19, 1.77, 1.90, 20, 0.07360620255439114, Fract precision SlipP = 0.05, Floor = 1/4
1.27, 1.47, 1.37, 20, 0.06386747095214634, Fract precision SlipP = 0.05, Floor = 1/4
1.01, 1.25, 1.28, 20, 0.02672340225790412, Fract precision SlipP = 0.05, Floor = 1/4
7.62, 9.32, 8.85, 20, 0.050749598743850155, Fract precision SlipP = 0.05, Floor = 1/4
5.71, 8.79, 7.94, 20, 0.09609755807864423, Fract precision SlipP = 0.05, Floor = 1/4
4.02, 5.21, 4.13, 20, 0.20732193839249702, Fract precision SlipP = 0.05, Floor = 1/4
5.89, 8.26, 9.08, 20, 0.09921511324420951, Fract precision SlipP = 0.05, Floor = 1/4
4.54, 6.39, 6.30, 20, 0.015113653231874661, Fract precision SlipP = 0.05, Floor = 1/4
5.25, 7.93, 8.45, 20, 0.06626132584823156, Fract precision SlipP = 0.05, Floor = 1/4
1.66, 2.06, 2.24, 20, 0.08635563916122252, Fract precision SlipP = 0.05, Floor = 1/4
5.24, 6.22, 6.38, 20, 0.02532493591577332, Fract precision SlipP = 0.05, Floor = 1/4
2.48, 3.91, 3.61, 20, 0.07645127636762589, Fract precision SlipP = 0.05, Floor = 1/4
0.92, 1.15, 1.05, 20, 0.0904845440436727, Fract precision SlipP = 0.05, Floor = 1/4
1.22, 1.80, 1.56, 20, 0.1334781993517309, Fract precision SlipP = 0.05, Floor = 1/4
0.75, 0.94, 0.99, 20, 0.058146448951591746, Fract precision SlipP = 0.05, Floor = 1/4
3.80, 5.41, 5.40, 20, 0.0018886408536002235, Fract precision SlipP = 0.05, Floor = 1/4
1.22, 1.92, 2.02, 20, 0.05060546355080294, Fract precision SlipP = 0.05, Floor = 1/4
0.93, 1.51, 1.66, 20, 0.09827952707305818, Fract precision SlipP = 0.05, Floor = 1/4
2.44, 3.26, 2.84, 20, 0.13013460602583332, Fract precision SlipP = 0.05, Floor = 1/4
2.58, 4.23, 4.20, 20, 0.008175724245764992, Fract precision SlipP = 0.05, Floor = 1/4
0.83, 1.26, 1.48, 20, 0.17268019818814484, Fract precision SlipP = 0.05, Floor = 1/4
1.11, 1.58, 1.67, 20, 0.054518479475943335, Fract precision SlipP = 0.05, Floor = 1/4
2.37, 3.09, 3.62, 20, 0.17198883855254346, Fract precision SlipP = 0.05, Floor = 1/4
1.75, 2.71, 2.14, 20, 0.21023435416618413, Fract precision SlipP = 0.05, Floor = 1/4
0.89, 1.52, 1.66, 20, 0.0868511207820794, Fract precision SlipP = 0.05, Floor = 1/4
0.84, 1.04, 1.10, 20, 0.05912257825052716, Fract precision SlipP = 0.05, Floor = 1/4
5.85, 7.90, 2.44, 20, 0.6908857959874138, Fract precision SlipP = 0.05, Floor = 1/4
1.08, 1.52, 1.70, 20, 0.11757132311327897, Fract precision SlipP = 0.05, Floor = 1/4
0.53, 0.59, 0.62, 20, 0.04563101127787369, Fract precision SlipP = 0.05, Floor = 1/4
0.59, 0.95, 0.94, 20, 0.008214573088500389, Fract precision SlipP = 0.05, Floor = 1/4
0.43, 0.56, 0.54, 20, 0.02777439492643453, Fract precision SlipP = 0.05, Floor = 1/4
0.96, 1.40, 1.26, 20, 0.1038447211381314, Fract precision SlipP = 0.05, Floor = 1/4
1.58, 2.25, 2.13, 20, 0.053138408457949704, Fract precision SlipP = 0.05, Floor = 1/4
0.48, 0.66, 0.69, 20, 0.04705322837634506, Fract precision SlipP = 0.05, Floor = 1/4
2.91, 4.40, 4.25, 20, 0.034208651014906645, Fract precision SlipP = 0.05, Floor = 1/4
1.76, 2.09, 1.48, 20, 0.2937192247345446, Fract precision SlipP = 0.05, Floor = 1/4
0.60, 0.80, 0.76, 20, 0.04378738055734746, Fract precision SlipP = 0.05, Floor = 1/4
1.01, 1.45, 1.60, 20, 0.1002453909425843, Fract precision SlipP = 0.05, Floor = 1/4
0.45, 0.63, 0.60, 20, 0.04195814542784514, Fract precision SlipP = 0.05, Floor = 1/4
6.03, 9.49, 8.89, 20, 0.06327849541156132, Fract precision SlipP = 0.05, Floor = 1/4
5.33, 8.60, 8.17, 20, 0.04994635417850187, Fract precision SlipP = 0.05, Floor = 1/4
3.65, 5.60, 6.00, 20, 0.07128144440209541, Fract precision SlipP = 0.05, Floor = 1/4
2.67, 3.86, 3.35, 20, 0.13272302662272348, Fract precision SlipP = 0.05, Floor = 1/4
0.51, 0.79, 0.87, 20, 0.10159094953114796, Fract precision SlipP = 0.05, Floor = 1/4
3.37, 4.95, 4.99, 20, 0.007361742943338284, Fract precision SlipP = 0.05, Floor = 1/4
1.37, 1.59, 1.47, 20, 0.07124549959970726, Fract precision SlipP = 0.05, Floor = 1/4
2.62, 3.69, 2.66, 20, 0.2798282429543721, Fract precision SlipP = 0.05, Floor = 1/4
1.90, 2.29, 2.29, 20, 0.0004229697187708294, Fract precision SlipP = 0.05, Floor = 1/4
1.46, 1.76, 1.87, 20, 0.060533037591289605, Fract precision SlipP = 0.05, Floor = 1/4
2.71, 3.37, 3.13, 20, 0.07267291731794255, Fract precision SlipP = 0.05, Floor = 1/4
3.30, 4.79, 5.24, 20, 0.09386605131122523, Fract precision SlipP = 0.05, Floor = 1/4
1.10, 1.69, 1.77, 20, 0.04890613814557818, Fract precision SlipP = 0.05, Floor = 1/4
0.63, 1.02, 1.04, 20, 0.01738670053415517, Fract precision SlipP = 0.05, Floor = 1/4
0.63, 0.81, 0.73, 20, 0.10071541797904855, Fract precision SlipP = 0.05, Floor = 1/4
3.33, 3.77, 4.06, 20, 0.07619341081626306, Fract precision SlipP = 0.05, Floor = 1/4
1.69, 2.48, 3.08, 20, 0.2449844081556972, Fract precision SlipP = 0.05, Floor = 1/4
0.45, 0.61, 0.60, 20, 0.018958734519932394, Fract precision SlipP = 0.05, Floor = 1/4
5.23, 5.62, 6.07, 20, 0.08017412163245664, Fract precision SlipP = 0.05, Floor = 1/4
1.33, 2.05, 1.95, 20, 0.04819829895991689, Fract precision SlipP = 0.05, Floor = 1/4
1.20, 1.66, 1.67, 20, 0.010271473981323989, Fract precision SlipP = 0.05, Floor = 1/4
1.72, 2.41, 2.36, 20, 0.01893492842938914, Fract precision SlipP = 0.05, Floor = 1/4
1.62, 1.68, 1.69, 20, 0.0068997458854044656, Fract precision SlipP = 0.05, Floor = 1/4
0.59, 0.78, 0.78, 20, 0.0023366840361203245, Fract precision SlipP = 0.05, Floor = 1/4
2.04, 2.43, 2.65, 20, 0.09307289316325679, Fract precision SlipP = 0.05, Floor = 1/4
1.50, 2.09, 2.08, 20, 0.005668518137163694, Fract precision SlipP = 0.05, Floor = 1/4
0.76, 1.03, 1.10, 20, 0.07242528648887596, Fract precision SlipP = 0.05, Floor = 1/4
0.61, 0.98, 1.01, 20, 0.03306552107982414, Fract precision SlipP = 0.05, Floor = 1/4
0.42, 0.61, 0.63, 20, 0.027653130300038152, Fract precision SlipP = 0.05, Floor = 1/4
2.80, 4.23, 5.60, 20, 0.32385187429518403, Fract precision SlipP = 0.05, Floor = 1/4
3.67, 5.92, 5.41, 20, 0.08587486406543549, Fract precision SlipP = 0.05, Floor = 1/4
1.97, 2.61, 2.52, 20, 0.03460189263156058, Fract precision SlipP = 0.05, Floor = 1/4
1.02, 1.42, 1.28, 20, 0.09955064582565014, Fract precision SlipP = 0.05, Floor = 1/4
0.81, 0.99, 0.99, 20, 0.00040682234572087645, Fract precision SlipP = 0.05, Floor = 1/4
2.39, 2.92, 2.85, 20, 0.024310186116757504, Fract precision SlipP = 0.05, Floor = 1/4
1.31, 2.01, 1.93, 20, 0.04002419808784417, Fract precision SlipP = 0.05, Floor = 1/4
0.80, 1.01, 1.04, 20, 0.026220796902009555, Fract precision SlipP = 0.05, Floor = 1/4
4.26, 6.23, 5.50, 20, 0.11856273411713755, Fract precision SlipP = 0.05, Floor = 1/4
1.84, 2.44, 2.49, 20, 0.021580435918626833, Fract precision SlipP = 0.05, Floor = 1/4
2.58, 3.27, 3.13, 20, 0.04097178434622034, Fract precision SlipP = 0.05, Floor = 1/4
6.39, 9.22, 9.08, 20, 0.015534537812927301, Fract precision SlipP = 0.05, Floor = 1/4
2.48, 3.78, 5.82, 20, 0.5396536703181379, Fract precision SlipP = 0.05, Floor = 1/4
2.05, 3.37, 3.78, 20, 0.12174626428280068, Fract precision SlipP = 0.05, Floor = 1/4
2.27, 3.63, 3.65, 20, 0.0038609748842613856, Fract precision SlipP = 0.05, Floor = 1/4
0.90, 1.14, 1.04, 20, 0.08909304647878366, Fract precision SlipP = 0.05, Floor = 1/4
0.63, 0.83, 0.99, 20, 0.18549986035216243, Fract precision SlipP = 0.05, Floor = 1/4
0.37, 0.56, 0.56, 20, 0.0033674289012986997, Fract precision SlipP = 0.05, Floor = 1/4
4.86, 5.75, 6.00, 20, 0.04252738794957407, Fract precision SlipP = 0.05, Floor = 1/4
0.43, 0.64, 0.76, 20, 0.18171674281779385, Fract precision SlipP = 0.05, Floor = 1/4
1.22, 1.63, 1.58, 20, 0.033269820562655116, Fract precision SlipP = 0.05, Floor = 1/4
2.53, 3.11, 2.76, 20, 0.11223970452805078, Fract precision SlipP = 0.05, Floor = 1/4
1.99, 2.45, 2.51, 20, 0.023671501630153986, Fract precision SlipP = 0.05, Floor = 1/4
1.06, 1.39, 1.43, 20, 0.027741059548445475, Fract precision SlipP = 0.05, Floor = 1/4
1.87, 3.10, 2.90, 20, 0.062914210732151, Fract precision SlipP = 0.05, Floor = 1/4
3.86, 5.08, 4.55, 20, 0.10402460667196854, Fract precision SlipP = 0.05, Floor = 1/4
0.40, 0.62, 0.67, 20, 0.0945782461413579, Fract precision SlipP = 0.05, Floor = 1/4
5.51, 6.75, 7.05, 20, 0.04426208918004437, Fract precision SlipP = 0.05, Floor = 1/4
3.44, 5.36, 5.32, 20, 0.006726492975624495, Fract precision SlipP = 0.05, Floor = 1/4
0.60, 0.66, 0.80, 20, 0.2135419192025826, Fract precision SlipP = 0.05, Floor = 1/4
1.75, 2.08, 2.19, 20, 0.05611573054747078, Fract precision SlipP = 0.05, Floor = 1/4
2.08, 3.09, 3.48, 20, 0.12808999872709162, Fract precision SlipP = 0.05, Floor = 1/4
7.51, 7.52, 7.10, 20, 0.0558004173468971, Fract precision SlipP = 0.05, Floor = 1/4
1.77, 2.12, 2.10, 20, 0.009747987725058398, Fract precision SlipP = 0.05, Floor = 1/4
2.55, 3.22, 3.27, 20, 0.01645884251018142, Fract precision SlipP = 0.05, Floor = 1/4
4.28, 6.83, 8.02, 20, 0.17321219520739722, Fract precision SlipP = 0.05, Floor = 1/4
0.85, 1.16, 1.06, 20, 0.08629535212356175, Fract precision SlipP = 0.05, Floor = 1/4
0.58, 0.89, 0.85, 20, 0.04862838815738674, Fract precision SlipP = 0.05, Floor = 1/4
3.01, 4.08, 4.39, 20, 0.07573284927773759, Fract precision SlipP = 0.05, Floor = 1/4
0.62, 0.83, 0.78, 20, 0.06028279675430314, Fract precision SlipP = 0.05, Floor = 1/4
2.53, 3.62, 3.41, 20, 0.05640106510851227, Fract precision SlipP = 0.05, Floor = 1/4
2.40, 3.72, 3.94, 20, 0.06102999782848092, Fract precision SlipP = 0.05, Floor = 1/4
0.57, 0.84, 0.84, 20, 0.008075908193075602, Fract precision SlipP = 0.05, Floor = 1/4
2.01, 2.37, 2.42, 20, 0.01736117449741497, Fract precision SlipP = 0.05, Floor = 1/4
1.70, 2.25, 2.32, 20, 0.02904357757918631, Fract precision SlipP = 0.05, Floor = 1/4
5.32, 7.07, 6.85, 20, 0.030317872158005868, Fract precision SlipP = 0.05, Floor = 1/4
2.52, 3.13, 3.61, 20, 0.1558407941345853, Fract precision SlipP = 0.05, Floor = 1/4
2.67, 3.58, 3.01, 20, 0.1609311583601559, Fract precision SlipP = 0.05, Floor = 1/4
0.71, 0.97, 0.90, 20, 0.0793601266797841, Fract precision SlipP = 0.05, Floor = 1/4
2.15, 2.77, 2.80, 20, 0.009211357068261428, Fract precision SlipP = 0.05, Floor = 1/4
2.66, 3.86, 4.28, 20, 0.10689202650904141, Fract precision SlipP = 0.05, Floor = 1/4
5.21, 7.07, 7.66, 20, 0.082614626335451, Fract precision SlipP = 0.05, Floor = 1/4
1.02, 1.39, 1.14, 20, 0.17721532302518, Fract precision SlipP = 0.05, Floor = 1/4
2.83, 2.88, 3.01, 20, 0.04795250256822901, Fract precision SlipP = 0.05, Floor = 1/4
