2.20, 3.00, 2.20, 20, 0.26506075213766184, Standard StAT for paper result. SlipP = 0.05, Floor = 1/4
3.28, 4.31, 3.63, 20, 0.1566627815567713, Standard StAT for paper result. SlipP = 0.05, Floor = 1/4
0.61, 0.97, 0.88, 20, 0.09766990351589361, Standard StAT for paper result. SlipP = 0.05, Floor = 1/4
1.05, 1.31, 1.33, 20, 0.019501601211966587, Standard StAT for paper result. SlipP = 0.05, Floor = 1/4
2.16, 3.33, 3.11, 20, 0.06599760655534861, Standard StAT for paper result. SlipP = 0.05, Floor = 1/4
4.16, 5.90, 7.48, 20, 0.2687930418878747, Standard StAT for paper result. SlipP = 0.05, Floor = 1/4
0.57, 0.92, 0.87, 20, 0.0515239615133978, Standard StAT for paper result. SlipP = 0.05, Floor = 1/4
0.52, 0.79, 0.72, 20, 0.09286108911206575, Standard StAT for paper result. SlipP = 0.05, Floor = 1/4
0.73, 1.15, 1.29, 20, 0.12697952818456842, Standard StAT for paper result. SlipP = 0.05, Floor = 1/4
0.88, 1.39, 1.41, 20, 0.013790671725839289, Standard StAT for paper result. SlipP = 0.05, Floor = 1/4
1.88, 2.88, 3.21, 20, 0.11409707349683242, Standard StAT for paper result. SlipP = 0.05, Floor = 1/4
7.42, 9.11, 9.62, 20, 0.05500256862376393, Standard StAT for paper result. SlipP = 0.05, Floor = 1/4
2.50, 3.40, 3.66, 20, 0.07408246604574964, Standard StAT for paper result. SlipP = 0.05, Floor = 1/4
1.11, 1.59, 1.61, 20, 0.01573733219884968, Standard StAT for paper result. SlipP = 0.05, Floor = 1/4
0.97, 1.48, 1.25, 20, 0.15590693598843547, Standard StAT for paper result. SlipP = 0.05, Floor = 1/4
5.80, 7.84, 6.68, 20, 0.14732762515015466, Standard StAT for paper result. SlipP = 0.05, Floor = 1/4
5.46, 6.49, 7.01, 20, 0.08050599655913819, Standard StAT for paper result. SlipP = 0.05, Floor = 1/4
0.71, 0.94, 0.92, 20, 0.02296749998554782, Standard StAT for paper result. SlipP = 0.05, Floor = 1/4
0.67, 1.01, 1.01, 20, 0.0006158341594943586, Standard StAT for paper result. SlipP = 0.05, Floor = 1/4
0.35, 0.54, 0.53, 20, 0.008318064002422538, Standard StAT for paper result. SlipP = 0.05, Floor = 1/4
0.53, 0.60, 0.62, 20, 0.03497032093072359, Standard StAT for paper result. SlipP = 0.05, Floor = 1/4
6.08, 7.32, 6.76, 20, 0.07611057688650237, Standard StAT for paper result. SlipP = 0.05, Floor = 1/4
1.42, 1.89, 1.71, 20, 0.09761403713564068, Standard StAT for paper result. SlipP = 0.05, Floor = 1/4
3.86, 4.58, 4.76, 20, 0.040033986459832006, Standard StAT for paper result. SlipP = 0.05, Floor = 1/4
6.35, 7.70, 7.82, 20, 0.014871155584473524, Standard StAT for paper result. SlipP = 0.05, Floor = 1/4
2.20, 3.45, 3.20, 20, 0.07328601168349992, Standard StAT for paper result. SlipP = 0.05, Floor = 1/4
0.57, 0.84, 0.72, 20, 0.1403666416512424, Standard StAT for paper result. SlipP = 0.05, Floor = 1/4
4.18, 6.85, 8.28, 20, 0.20926668755906394, Standard StAT for paper result. SlipP = 0.05, Floor = 1/4
0.98, 1.46, 1.48, 20, 0.009152881960949932, Standard StAT for paper result. SlipP = 0.05, Floor = 1/4
2.90, 4.49, 4.82, 20, 0.07275050546519733, Standard StAT for paper result. SlipP = 0.05, Floor = 1/4
0.86, 1.27, 1.35, 20, 0.0662676491365276, Standard StAT for paper result. SlipP = 0.05, Floor = 1/4
1.13, 1.30, 1.31, 20, 0.008475281463123416, Standard StAT for paper result. SlipP = 0.05, Floor = 1/4
5.60, 9.57, 9.27, 20, 0.03160682075967919, Standard StAT for paper result. SlipP = 0.05, Floor = 1/4
2.12, 2.66, 2.69, 20, 0.007736266373986317, Standard StAT for paper result. SlipP = 0.05, Floor = 1/4
1.37, 1.78, 1.82, 20, 0.024664944218459446, Standard StAT for paper result. SlipP = 0.05, Floor = 1/4
1.18, 1.41, 1.36, 20, 0.03339379104459334, Standard StAT for paper result. SlipP = 0.05, Floor = 1/4
1.45, 1.85, 1.91, 20, 0.027539890314450817, Standard StAT for paper result. SlipP = 0.05, Floor = 1/4
1.27, 1.79, 1.46, 20, 0.1850603625212505, Standard StAT for paper result. SlipP = 0.05, Floor = 1/4
1.42, 1.71, 1.61, 20, 0.054890295434268085, Standard StAT for paper result. SlipP = 0.05, Floor = 1/4
0.77, 1.12, 1.39, 20, 0.23706509929985398, Standard StAT for paper result. SlipP = 0.05, Floor = 1/4
1.02, 1.07, 1.14, 20, 0.057990230989041346, Standard StAT for paper result. SlipP = 0.05, Floor = 1/4
2.58, 3.70, 3.08, 20, 0.16697828802729722, Standard StAT for paper result. SlipP = 0.05, Floor = 1/4
0.97, 1.41, 1.56, 20, 0.1018391550590482, Standard StAT for paper result. SlipP = 0.05, Floor = 1/4
0.48, 0.62, 0.60, 20, 0.03353972689855368, Standard StAT for paper result. SlipP = 0.05, Floor = 1/4
1.03, 1.08, 1.12, 20, 0.04490332890461193, Standard StAT for paper result. SlipP = 0.05, Floor = 1/4
0.72, 1.11, 1.21, 20, 0.08209674630447453, Standard StAT for paper result. SlipP = 0.05, Floor = 1/4
0.68, 0.89, 0.81, 20, 0.09079863738533099, Standard StAT for paper result. SlipP = 0.05, Floor = 1/4
2.41, 3.20, 2.99, 20, 0.06575637067554098, Standard StAT for paper result. SlipP = 0.05, Floor = 1/4
5.32, 7.06, 7.46, 20, 0.056786296856393845, Standard StAT for paper result. SlipP = 0.05, Floor = 1/4
0.98, 1.25, 1.19, 20, 0.05165852371617651, Standard StAT for paper result. SlipP = 0.05, Floor = 1/4
1.05, 1.46, 1.44, 20, 0.015244443674410238, Standard StAT for paper result. SlipP = 0.05, Floor = 1/4
3.60, 4.53, 5.11, 20, 0.12716254013775966, Standard StAT for paper result. SlipP = 0.05, Floor = 1/4
0.47, 0.65, 0.67, 20, 0.03149001484530532, Standard StAT for paper result. SlipP = 0.05, Floor = 1/4
1.69, 2.59, 1.82, 20, 0.29780344139769155, Standard StAT for paper result. SlipP = 0.05, Floor = 1/4
2.24, 3.36, 2.84, 20, 0.1541478079744278, Standard StAT for paper result. SlipP = 0.05, Floor = 1/4
0.85, 1.34, 1.09, 20, 0.18520491022469163, Standard StAT for paper result. SlipP = 0.05, Floor = 1/4
1.70, 2.45, 2.18, 20, 0.10992561392369832, Standard StAT for paper result. SlipP = 0.05, Floor = 1/4
1.67, 2.49, 2.16, 20, 0.1329162824808592, Standard StAT for paper result. SlipP = 0.05, Floor = 1/4
2.83, 4.34, 4.19, 20, 0.034969781838677494, Standard StAT for paper result. SlipP = 0.05, Floor = 1/4
1.25, 1.84, 1.72, 20, 0.06644136560176248, Standard StAT for paper result. SlipP = 0.05, Floor = 1/4
2.05, 2.97, 3.26, 20, 0.09866410780274071, Standard StAT for paper result. SlipP = 0.05, Floor = 1/4
4.52, 5.20, 5.43, 20, 0.04458304321628704, Standard StAT for paper result. SlipP = 0.05, Floor = 1/4
0.42, 0.59, 0.55, 20, 0.0665549337770592, Standard StAT for paper result. SlipP = 0.05, Floor = 1/4
0.69, 0.97, 0.89, 20, 0.07928246140956142, Standard StAT for paper result. SlipP = 0.05, Floor = 1/4
2.05, 3.54, 3.35, 20, 0.05336542505048971, Standard StAT for paper result. SlipP = 0.05, Floor = 1/4
3.26, 3.73, 3.94, 20, 0.0571015152150151, Standard StAT for paper result. SlipP = 0.05, Floor = 1/4
0.80, 1.15, 0.88, 20, 0.235717912123279, Standard StAT for paper result. SlipP = 0.05, Floor = 1/4
0.73, 1.05, 1.06, 20, 0.006800679396658855, Standard StAT for paper result. SlipP = 0.05, Floor = 1/4
1.38, 1.84, 2.18, 20, 0.18560242350147657, Standard StAT for paper result. SlipP = 0.05, Floor = 1/4
1.31, 2.07, 2.06, 20, 0.004392122371589367, Standard StAT for paper result. SlipP = 0.05, Floor = 1/4
1.82, 2.38, 2.17, 20, 0.08684359337984554, Standard StAT for paper result. SlipP = 0.05, Floor = 1/4
1.83, 2.49, 2.42, 20, 0.029068974694110714, Standard StAT for paper result. SlipP = 0.05, Floor = 1/4
2.13, 2.95, 2.81, 20, 0.04836033924545954, Standard StAT for paper result. SlipP = 0.05, Floor = 1/4
5.41, 8.24, 8.53, 20, 0.035237699086561915, Standard StAT for paper result. SlipP = 0.05, Floor = 1/4
2.51, 3.39, 3.65, 20, 0.07450908374487239, Standard StAT for paper result. SlipP = 0.05, Floor = 1/4
0.90, 1.09, 1.16, 20, 0.06310365082333486, Standard StAT for paper result. SlipP = 0.05, Floor = 1/4
4.37, 5.05, 5.09, 20, 0.009143560615319238, Standard StAT for paper result. SlipP = 0.05, Floor = 1/4
2.17, 2.63, 2.68, 20, 0.020406095415275213, Standard StAT for paper result. SlipP = 0.05, Floor = 1/4
7.40, 9.19, 9.42, 20, 0.025461047086097113, Standard StAT for paper result. SlipP = 0.05, Floor = 1/4
1.13, 1.63, 2.94, 20, 0.8095592215528818, Standard StAT for paper result. SlipP = 0.05, Floor = 1/4
2.10, 3.52, 3.48, 20, 0.013341698133714953, Standard StAT for paper result. SlipP = 0.05, Floor = 1/4
0.67, 1.05, 1.03, 20, 0.02217280220423046, Standard StAT for paper result. SlipP = 0.05, Floor = 1/4
0.89, 1.31, 1.17, 20, 0.11120227702825342, Standard StAT for paper result. SlipP = 0.05, Floor = 1/4
1.16, 1.53, 1.38, 20, 0.09536076344632949, Standard StAT for paper result. SlipP = 0.05, Floor = 1/4
0.63, 0.82, 0.80, 20, 0.020014531444086412, Standard StAT for paper result. SlipP = 0.05, Floor = 1/4
2.03, 3.04, 3.13, 20, 0.029784444408507593, Standard StAT for paper result. SlipP = 0.05, Floor = 1/4
2.51, 2.62, 2.96, 20, 0.13339312717176638, Standard StAT for paper result. SlipP = 0.05, Floor = 1/4
0.56, 0.94, 1.08, 20, 0.15263131495639137, Standard StAT for paper result. SlipP = 0.05, Floor = 1/4
1.38, 1.65, 1.81, 20, 0.09823421270443194, Standard StAT for paper result. SlipP = 0.05, Floor = 1/4
0.60, 0.81, 0.95, 20, 0.17150145097932795, Standard StAT for paper result. SlipP = 0.05, Floor = 1/4
4.39, 7.00, 6.30, 20, 0.10094736178854559, Standard StAT for paper result. SlipP = 0.05, Floor = 1/4
2.31, 2.93, 3.01, 20, 0.02735593130993518, Standard StAT for paper result. SlipP = 0.05, Floor = 1/4
1.33, 2.08, 1.92, 20, 0.07732334242847438, Standard StAT for paper result. SlipP = 0.05, Floor = 1/4
6.33, 8.24, 7.60, 20, 0.0772711084102887, Standard StAT for paper result. SlipP = 0.05, Floor = 1/4
1.62, 1.85, 2.21, 20, 0.19391346000190895, Standard StAT for paper result. SlipP = 0.05, Floor = 1/4
0.55, 0.78, 0.85, 20, 0.08643498868459368, Standard StAT for paper result. SlipP = 0.05, Floor = 1/4
0.89, 1.36, 1.59, 20, 0.16699319156806103, Standard StAT for paper result. SlipP = 0.05, Floor = 1/4
1.49, 2.16, 1.95, 20, 0.09801266995320573, Standard StAT for paper result. SlipP = 0.05, Floor = 1/4
4.36, 6.75, 7.33, 20, 0.08632843152292827, Standard StAT for paper result. SlipP = 0.05, Floor = 1/4
2.14, 2.81, 2.39, 20, 0.14913372598177338, Standard StAT for paper result. SlipP = 0.05, Floor = 1/4
0.85, 1.19, 1.18, 20, 0.00428835713250676, Standard StAT for paper result. SlipP = 0.05, Floor = 1/4
0.99, 1.48, 1.26, 20, 0.1468583421819795, Standard StAT for paper result. SlipP = 0.05, Floor = 1/4
1.27, 1.65, 1.58, 20, 0.04192605384716052, Standard StAT for paper result. SlipP = 0.05, Floor = 1/4
2.57, 3.73, 3.39, 20, 0.09119366009056726, Standard StAT for paper result. SlipP = 0.05, Floor = 1/4
1.26, 1.88, 1.90, 20, 0.008846350035920832, Standard StAT for paper result. SlipP = 0.05, Floor = 1/4
0.55, 0.94, 0.84, 20, 0.10135283579045537, Standard StAT for paper result. SlipP = 0.05, Floor = 1/4
4.34, 5.04, 4.92, 20, 0.02460996791382756, Standard StAT for paper result. SlipP = 0.05, Floor = 1/4
0.64, 0.80, 0.82, 20, 0.02394657563003033, Standard StAT for paper result. SlipP = 0.05, Floor = 1/4
0.91, 1.51, 1.57, 20, 0.0403396832274528, Standard StAT for paper result. SlipP = 0.05, Floor = 1/4
4.31, 5.64, 6.15, 20, 0.09115746990107507, Standard StAT for paper result. SlipP = 0.05, Floor = 1/4
2.28, 3.09, 2.85, 20, 0.07650277018671568, Standard StAT for paper result. SlipP = 0.05, Floor = 1/4
1.77, 2.50, 2.34, 20, 0.06117541426925983, Standard StAT for paper result. SlipP = 0.05, Floor = 1/4
0.65, 0.80, 0.75, 20, 0.06870831721659862, Standard StAT for paper result. SlipP = 0.05, Floor = 1/4
3.47, 4.69, 3.94, 20, 0.15864164488385474, Standard StAT for paper result. SlipP = 0.05, Floor = 1/4
1.30, 1.77, 1.82, 20, 0.02656623437821568, Standard StAT for paper result. SlipP = 0.05, Floor = 1/4
1.52, 1.93, 1.94, 20, 0.0035943370617630916, Standard StAT for paper result. SlipP = 0.05, Floor = 1/4
2.53, 3.47, 3.58, 20, 0.032658320309244634, Standard StAT for paper result. SlipP = 0.05, Floor = 1/4
4.25, 5.18, 4.97, 20, 0.04183200982503556, Standard StAT for paper result. SlipP = 0.05, Floor = 1/4
1.20, 1.40, 1.42, 20, 0.012756203040595803, Standard StAT for paper result. SlipP = 0.05, Floor = 1/4
2.60, 3.39, 3.21, 20, 0.052471600000265364, Standard StAT for paper result. SlipP = 0.05, Floor = 1/4
1.15, 1.20, 1.20, 20, 0.00043813249901205464, Standard StAT for paper result. SlipP = 0.05, Floor = 1/4
2.16, 3.59, 3.44, 20, 0.04315573411956237, Standard StAT for paper result. SlipP = 0.05, Floor = 1/4
4.86, 8.56, 7.23, 20, 0.15519987211663822, Standard StAT for paper result. SlipP = 0.05, Floor = 1/4
5.55, 7.91, 7.60, 20, 0.03860091425946145, Standard StAT for paper result. SlipP = 0.05, Floor = 1/4
1.26, 1.90, 2.02, 20, 0.06583360088311525, Standard StAT for paper result. SlipP = 0.05, Floor = 1/4
3.94, 4.67, 4.68, 20, 0.0022287962713852167, Standard StAT for paper result. SlipP = 0.05, Floor = 1/4
1.94, 2.34, 1.98, 20, 0.1536779720474708, Standard StAT for paper result. SlipP = 0.05, Floor = 1/4
1.01, 1.38, 1.37, 20, 0.007091539343908908, Standard StAT for paper result. SlipP = 0.05, Floor = 1/4
4.06, 5.36, 5.66, 20, 0.05642243150908694, Standard StAT for paper result. SlipP = 0.05, Floor = 1/4
3.80, 5.04, 4.82, 20, 0.04373898105314439, Standard StAT for paper result. SlipP = 0.05, Floor = 1/4
1.89, 2.91, 3.18, 20, 0.0937480492723046, Standard StAT for paper result. SlipP = 0.05, Floor = 1/4
3.07, 4.24, 4.31, 20, 0.015940367969461328, Standard StAT for paper result. SlipP = 0.05, Floor = 1/4
5.32, 7.27, 6.81, 20, 0.06329461540571565, Standard StAT for paper result. SlipP = 0.05, Floor = 1/4
1.44, 1.87, 1.63, 20, 0.1268655027446244, Standard StAT for paper result. SlipP = 0.05, Floor = 1/4
2.78, 3.78, 3.79, 20, 0.004269388947975049, Standard StAT for paper result. SlipP = 0.05, Floor = 1/4
1.36, 2.08, 2.01, 20, 0.03374899596018487, Standard StAT for paper result. SlipP = 0.05, Floor = 1/4
5.47, 7.02, 6.82, 20, 0.027601749907153444, Standard StAT for paper result. SlipP = 0.05, Floor = 1/4
0.95, 1.50, 1.19, 20, 0.2055853806056885, Standard StAT for paper result. SlipP = 0.05, Floor = 1/4
4.65, 7.58, 8.55, 20, 0.12847639230729552, Standard StAT for paper result. SlipP = 0.05, Floor = 1/4
1.76, 2.16, 2.48, 20, 0.14630598747641657, Standard StAT for paper result. SlipP = 0.05, Floor = 1/4
4.78, 5.06, 6.00, 20, 0.1860098138715673, Standard StAT for paper result. SlipP = 0.05, Floor = 1/4
0.83, 1.25, 1.06, 20, 0.14915425055218223, Standard StAT for paper result. SlipP = 0.05, Floor = 1/4
2.14, 3.21, 2.92, 20, 0.08992757756842584, Standard StAT for paper result. SlipP = 0.05, Floor = 1/4
7.44, 9.69, 9.46, 20, 0.023716384891545893, Standard StAT for paper result. SlipP = 0.05, Floor = 1/4
0.66, 0.95, 0.86, 20, 0.09030449093052036, Standard StAT for paper result. SlipP = 0.05, Floor = 1/4
5.16, 6.20, 5.79, 20, 0.06540175789657922, Standard StAT for paper result. SlipP = 0.05, Floor = 1/4
1.05, 1.17, 1.69, 20, 0.44555684216907526, Standard StAT for paper result. SlipP = 0.05, Floor = 1/4
0.53, 0.75, 0.62, 20, 0.1767159310641274, Standard StAT for paper result. SlipP = 0.05, Floor = 1/4
4.34, 6.51, 6.21, 20, 0.04625441577009592, Standard StAT for paper result. SlipP = 0.05, Floor = 1/4
1.13, 1.43, 1.37, 20, 0.03981134713093101, Standard StAT for paper result. SlipP = 0.05, Floor = 1/4
5.51, 7.09, 7.43, 20, 0.04796764994373871, Standard StAT for paper result. SlipP = 0.05, Floor = 1/4
0.96, 1.34, 1.35, 20, 0.00858446467302179, Standard StAT for paper result. SlipP = 0.05, Floor = 1/4
2.97, 3.44, 3.56, 20, 0.03471746461782184, Standard StAT for paper result. SlipP = 0.05, Floor = 1/4
4.49, 7.12, 6.68, 20, 0.06146106151505376, Standard StAT for paper result. SlipP = 0.05, Floor = 1/4
2.93, 3.94, 1.97, 20, 0.49920109741158275, Standard StAT for paper result. SlipP = 0.05, Floor = 1/4
3.96, 5.73, 5.15, 20, 0.10085339717098073, Standard StAT for paper result. SlipP = 0.05, Floor = 1/4
1.09, 1.65, 1.73, 20, 0.04875845507995844, Standard StAT for paper result. SlipP = 0.05, Floor = 1/4
1.11, 1.74, 1.66, 20, 0.05073609934023903, Standard StAT for paper result. SlipP = 0.05, Floor = 1/4
2.65, 3.89, 3.81, 20, 0.019860141692831863, Standard StAT for paper result. SlipP = 0.05, Floor = 1/4
2.52, 3.54, 4.59, 20, 0.29611538231070134, Standard StAT for paper result. SlipP = 0.05, Floor = 1/4
0.45, 0.57, 0.56, 20, 0.015828297302210925, Standard StAT for paper result. SlipP = 0.05, Floor = 1/4
1.34, 1.55, 1.57, 20, 0.009736803745308222, Standard StAT for paper result. SlipP = 0.05, Floor = 1/4
1.42, 1.73, 1.70, 20, 0.02050787203340888, Standard StAT for paper result. SlipP = 0.05, Floor = 1/4
1.34, 1.84, 1.93, 20, 0.050411403630132925, Standard StAT for paper result. SlipP = 0.05, Floor = 1/4
3.18, 3.21, 3.33, 20, 0.03725173934813223, Standard StAT for paper result. SlipP = 0.05, Floor = 1/4
1.91, 2.83, 2.40, 20, 0.14895601022908128, Standard StAT for paper result. SlipP = 0.05, Floor = 1/4
3.75, 4.27, 3.96, 20, 0.07301379134588577, Standard StAT for paper result. SlipP = 0.05, Floor = 1/4
4.13, 5.80, 4.59, 20, 0.20812932147038557, Standard StAT for paper result. SlipP = 0.05, Floor = 1/4
1.17, 1.64, 1.82, 20, 0.1097117979745452, Standard StAT for paper result. SlipP = 0.05, Floor = 1/4
2.39, 2.67, 2.92, 20, 0.09404706474659164, Standard StAT for paper result. SlipP = 0.05, Floor = 1/4
3.10, 4.54, 4.66, 20, 0.02483847220723761, Standard StAT for paper result. SlipP = 0.05, Floor = 1/4
3.01, 3.43, 3.62, 20, 0.05752673957163326, Standard StAT for paper result. SlipP = 0.05, Floor = 1/4
0.97, 1.28, 1.46, 20, 0.14008054412612453, Standard StAT for paper result. SlipP = 0.05, Floor = 1/4
0.83, 1.15, 1.07, 20, 0.06918791179469803, Standard StAT for paper result. SlipP = 0.05, Floor = 1/4
4.99, 6.93, 7.01, 20, 0.01196113069762294, Standard StAT for paper result. SlipP = 0.05, Floor = 1/4
2.17, 3.39, 3.25, 20, 0.04157789267546887, Standard StAT for paper result. SlipP = 0.05, Floor = 1/4
2.41, 3.18, 3.12, 20, 0.019556234687003356, Standard StAT for paper result. SlipP = 0.05, Floor = 1/4
1.29, 1.95, 1.82, 20, 0.0672670178530997, Standard StAT for paper result. SlipP = 0.05, Floor = 1/4
1.85, 2.46, 2.31, 20, 0.0623689406762829, Standard StAT for paper result. SlipP = 0.05, Floor = 1/4
1.14, 1.82, 1.73, 20, 0.0537604915684249, Standard StAT for paper result. SlipP = 0.05, Floor = 1/4
1.69, 2.24, 1.97, 20, 0.12217307984015914, Standard StAT for paper result. SlipP = 0.05, Floor = 1/4
1.76, 2.60, 2.18, 20, 0.1616211751207837, Standard StAT for paper result. SlipP = 0.05, Floor = 1/4
4.16, 5.25, 5.36, 20, 0.021487738939344303, Standard StAT for paper result. SlipP = 0.05, Floor = 1/4
0.57, 0.82, 0.79, 20, 0.030362846187947917, Standard StAT for paper result. SlipP = 0.05, Floor = 1/4
0.38, 0.56, 0.75, 20, 0.34973686243599156, Standard StAT for paper result. SlipP = 0.05, Floor = 1/4
1.02, 1.43, 1.38, 20, 0.03979089475967405, Standard StAT for paper result. SlipP = 0.05, Floor = 1/4
0.52, 0.75, 0.66, 20, 0.12165052948876404, Standard StAT for paper result. SlipP = 0.05, Floor = 1/4
3.09, 3.74, 3.33, 20, 0.1082774835180578, Standard StAT for paper result. SlipP = 0.05, Floor = 1/4
1.19, 1.52, 1.37, 20, 0.10099963539483509, Standard StAT for paper result. SlipP = 0.05, Floor = 1/4
6.22, 9.67, 8.39, 20, 0.13192333511419904, Standard StAT for paper result. SlipP = 0.05, Floor = 1/4
2.36, 3.38, 3.23, 20, 0.04401767145390125, Standard StAT for paper result. SlipP = 0.05, Floor = 1/4
1.01, 1.55, 1.30, 20, 0.16037860201727322, Standard StAT for paper result. SlipP = 0.05, Floor = 1/4
4.63, 6.19, 5.81, 20, 0.0610496362064, Standard StAT for paper result. SlipP = 0.05, Floor = 1/4
1.61, 2.21, 1.93, 20, 0.12608891670613737, Standard StAT for paper result. SlipP = 0.05, Floor = 1/4
1.66, 2.86, 2.33, 20, 0.18459879396812295, Standard StAT for paper result. SlipP = 0.05, Floor = 1/4
0.81, 1.15, 1.15, 20, 0.001244153850965004, Standard StAT for paper result. SlipP = 0.05, Floor = 1/4
6.58, 8.61, 8.91, 20, 0.0350164860502677, Standard StAT for paper result. SlipP = 0.05, Floor = 1/4
4.53, 6.40, 6.12, 20, 0.043574644330901253, Standard StAT for paper result. SlipP = 0.05, Floor = 1/4
0.33, 0.53, 0.53, 20, 0.0016773645259582843, Standard StAT for paper result. SlipP = 0.05, Floor = 1/4
4.36, 6.69, 5.89, 20, 0.11929192603964756, Standard StAT for paper result. SlipP = 0.05, Floor = 1/4
1.00, 1.62, 1.44, 20, 0.1084817936287851, Standard StAT for paper result. SlipP = 0.05, Floor = 1/4
6.24, 6.52, 7.28, 20, 0.11597982222843563, Standard StAT for paper result. SlipP = 0.05, Floor = 1/4
0.76, 1.32, 1.17, 20, 0.10749474245591574, Standard StAT for paper result. SlipP = 0.05, Floor = 1/4
0.39, 0.51, 0.52, 20, 0.025550279851911627, Standard StAT for paper result. SlipP = 0.05, Floor = 1/4
0.90, 0.98, 1.03, 20, 0.04844996277882999, Standard StAT for paper result. SlipP = 0.05, Floor = 1/4
0.80, 1.28, 1.27, 20, 0.007677618946190336, Standard StAT for paper result. SlipP = 0.05, Floor = 1/4
3.48, 3.94, 3.94, 20, 9.932299153876981e-05, Standard StAT for paper result. SlipP = 0.05, Floor = 1/4
2.45, 2.90, 2.91, 20, 0.0020203743762648193, Standard StAT for paper result. SlipP = 0.05, Floor = 1/4
0.71, 1.04, 0.87, 20, 0.1595249148919373, Standard StAT for paper result. SlipP = 0.05, Floor = 1/4
1.27, 1.67, 1.85, 20, 0.10726109385547429, Standard StAT for paper result. SlipP = 0.05, Floor = 1/4
1.30, 1.67, 1.46, 20, 0.1308327286107801, Standard StAT for paper result. SlipP = 0.05, Floor = 1/4
1.64, 2.22, 2.00, 20, 0.09967470608868752, Standard StAT for paper result. SlipP = 0.05, Floor = 1/4
0.51, 0.83, 1.03, 20, 0.24349204191207816, Standard StAT for paper result. SlipP = 0.05, Floor = 1/4
1.66, 2.34, 2.43, 20, 0.03924628419608831, Standard StAT for paper result. SlipP = 0.05, Floor = 1/4
6.31, 9.72, 9.16, 20, 0.057027905150415885, Standard StAT for paper result. SlipP = 0.05, Floor = 1/4
0.62, 0.77, 0.75, 20, 0.03043728752215903, Standard StAT for paper result. SlipP = 0.05, Floor = 1/4
1.21, 1.87, 1.75, 20, 0.06270959615591519, Standard StAT for paper result. SlipP = 0.05, Floor = 1/4
1.34, 1.70, 1.73, 20, 0.01462990943217508, Standard StAT for paper result. SlipP = 0.05, Floor = 1/4
0.39, 0.57, 0.59, 20, 0.04892950422241446, Standard StAT for paper result. SlipP = 0.05, Floor = 1/4
1.49, 2.29, 2.34, 20, 0.019155250543979346, Standard StAT for paper result. SlipP = 0.05, Floor = 1/4
1.41, 1.83, 1.87, 20, 0.022578207303085733, Standard StAT for paper result. SlipP = 0.05, Floor = 1/4
0.57, 0.92, 0.90, 20, 0.01904827970788255, Standard StAT for paper result. SlipP = 0.05, Floor = 1/4
1.08, 1.47, 1.51, 20, 0.026177757263016365, Standard StAT for paper result. SlipP = 0.05, Floor = 1/4
1.28, 1.98, 1.77, 20, 0.10527603369303472, Standard StAT for paper result. SlipP = 0.05, Floor = 1/4
7.45, 7.56, 8.73, 20, 0.15444681731310397, Standard StAT for paper result. SlipP = 0.05, Floor = 1/4
1.54, 2.35, 2.42, 20, 0.028437279111351937, Standard StAT for paper result. SlipP = 0.05, Floor = 1/4
2.14, 2.53, 2.82, 20, 0.11532970735958577, Standard StAT for paper result. SlipP = 0.05, Floor = 1/4
1.91, 2.63, 2.36, 20, 0.10173979331779517, Standard StAT for paper result. SlipP = 0.05, Floor = 1/4
2.69, 3.75, 3.66, 20, 0.0254782542083621, Standard StAT for paper result. SlipP = 0.05, Floor = 1/4
3.63, 4.82, 4.49, 20, 0.06845505284329523, Standard StAT for paper result. SlipP = 0.05, Floor = 1/4
2.76, 4.05, 4.23, 20, 0.04481341267005241, Standard StAT for paper result. SlipP = 0.05, Floor = 1/4
1.68, 2.68, 2.77, 20, 0.03295409840567598, Standard StAT for paper result. SlipP = 0.05, Floor = 1/4
6.70, 8.25, 8.53, 20, 0.03358076282634317, Standard StAT for paper result. SlipP = 0.05, Floor = 1/4
1.23, 2.03, 1.25, 20, 0.38353882900674174, Standard StAT for paper result. SlipP = 0.05, Floor = 1/4
1.65, 2.36, 2.23, 20, 0.054103680263692125, Standard StAT for paper result. SlipP = 0.05, Floor = 1/4
1.04, 1.34, 1.48, 20, 0.10009743692708954, Standard StAT for paper result. SlipP = 0.05, Floor = 1/4
1.77, 2.63, 2.18, 20, 0.1730291903075967, Standard StAT for paper result. SlipP = 0.05, Floor = 1/4
2.84, 3.56, 3.30, 20, 0.07299283236400793, Standard StAT for paper result. SlipP = 0.05, Floor = 1/4
4.43, 6.74, 6.17, 20, 0.08467917603822195, Standard StAT for paper result. SlipP = 0.05, Floor = 1/4
2.55, 3.27, 3.82, 20, 0.16829407773857705, Standard StAT for paper result. SlipP = 0.05, Floor = 1/4
1.03, 1.51, 1.50, 20, 0.0054219263144557155, Standard StAT for paper result. SlipP = 0.05, Floor = 1/4
3.06, 3.74, 3.71, 20, 0.007614925848660178, Standard StAT for paper result. SlipP = 0.05, Floor = 1/4
1.13, 1.55, 1.32, 20, 0.14411420459406676, Standard StAT for paper result. SlipP = 0.05, Floor = 1/4
1.70, 2.55, 2.37, 20, 0.07204469844333396, Standard StAT for paper result. SlipP = 0.05, Floor = 1/4
0.36, 0.51, 0.60, 20, 0.1828344163727599, Standard StAT for paper result. SlipP = 0.05, Floor = 1/4
0.42, 0.57, 0.58, 20, 0.0314285716542146, Standard StAT for paper result. SlipP = 0.05, Floor = 1/4
2.47, 2.74, 2.69, 20, 0.01996914481492753, Standard StAT for paper result. SlipP = 0.05, Floor = 1/4
1.25, 1.44, 1.74, 20, 0.21348767571497582, Standard StAT for paper result. SlipP = 0.05, Floor = 1/4
3.23, 4.60, 4.23, 20, 0.08100182350431992, Standard StAT for paper result. SlipP = 0.05, Floor = 1/4
0.82, 1.35, 1.50, 20, 0.1156834018143384, Standard StAT for paper result. SlipP = 0.05, Floor = 1/4
0.61, 0.97, 0.90, 20, 0.07691726083360031, Standard StAT for paper result. SlipP = 0.05, Floor = 1/4
1.34, 2.05, 1.91, 20, 0.06882638094589706, Standard StAT for paper result. SlipP = 0.05, Floor = 1/4
0.65, 1.08, 1.09, 20, 0.011162133525019399, Standard StAT for paper result. SlipP = 0.05, Floor = 1/4
1.36, 1.76, 1.91, 20, 0.08057410216449207, Standard StAT for paper result. SlipP = 0.05, Floor = 1/4
2.14, 2.78, 2.64, 20, 0.05270526112998385, Standard StAT for paper result. SlipP = 0.05, Floor = 1/4
0.95, 1.49, 1.42, 20, 0.04667762828229206, Standard StAT for paper result. SlipP = 0.05, Floor = 1/4
0.31, 0.53, 0.57, 20, 0.06876157598161184, Standard StAT for paper result. SlipP = 0.05, Floor = 1/4
1.17, 1.59, 1.57, 20, 0.008948962906097258, Standard StAT for paper result. SlipP = 0.05, Floor = 1/4
0.59, 0.97, 0.81, 20, 0.16174769687659973, Standard StAT for paper result. SlipP = 0.05, Floor = 1/4
1.51, 1.81, 1.86, 20, 0.03000386693608205, Standard StAT for paper result. SlipP = 0.05, Floor = 1/4
1.57, 2.36, 2.02, 20, 0.14301681601073143, Standard StAT for paper result. SlipP = 0.05, Floor = 1/4
0.50, 0.67, 0.90, 20, 0.3372692712941157, Standard StAT for paper result. SlipP = 0.05, Floor = 1/4
2.45, 3.51, 4.36, 20, 0.24247165609312732, Standard StAT for paper result. SlipP = 0.05, Floor = 1/4
0.77, 1.22, 1.16, 20, 0.05074998123548693, Standard StAT for paper result. SlipP = 0.05, Floor = 1/4
5.09, 6.54, 7.24, 20, 0.10826267538708467, Standard StAT for paper result. SlipP = 0.05, Floor = 1/4
1.38, 1.85, 1.81, 20, 0.01906160959741363, Standard StAT for paper result. SlipP = 0.05, Floor = 1/4
2.79, 3.84, 3.86, 20, 0.006487347993714713, Standard StAT for paper result. SlipP = 0.05, Floor = 1/4
0.65, 0.96, 0.84, 20, 0.11784914506851554, Standard StAT for paper result. SlipP = 0.05, Floor = 1/4
0.63, 0.79, 0.81, 20, 0.028159101346079237, Standard StAT for paper result. SlipP = 0.05, Floor = 1/4
1.80, 2.70, 2.31, 20, 0.14362156327833803, Standard StAT for paper result. SlipP = 0.05, Floor = 1/4
1.71, 2.48, 2.40, 20, 0.030212427086849496, Standard StAT for paper result. SlipP = 0.05, Floor = 1/4
0.56, 0.82, 0.74, 20, 0.09632619550372823, Standard StAT for paper result. SlipP = 0.05, Floor = 1/4
2.99, 3.52, 3.49, 20, 0.009505972807067952, Standard StAT for paper result. SlipP = 0.05, Floor = 1/4
4.75, 5.43, 5.46, 20, 0.004812699892083648, Standard StAT for paper result. SlipP = 0.05, Floor = 1/4
4.03, 4.99, 5.24, 20, 0.050055676367818866, Standard StAT for paper result. SlipP = 0.05, Floor = 1/4
7.67, 9.00, 9.20, 20, 0.022996420654645706, Standard StAT for paper result. SlipP = 0.05, Floor = 1/4
2.97, 3.96, 3.71, 20, 0.06467353614107393, Standard StAT for paper result. SlipP = 0.05, Floor = 1/4
0.77, 0.99, 0.96, 20, 0.030456107138116306, Standard StAT for paper result. SlipP = 0.05, Floor = 1/4
2.63, 3.77, 3.67, 20, 0.0251824735053367, Standard StAT for paper result. SlipP = 0.05, Floor = 1/4
2.89, 3.51, 4.19, 20, 0.19343795380382767, Standard StAT for paper result. SlipP = 0.05, Floor = 1/4
0.70, 0.98, 0.90, 20, 0.0884694781258969, Standard StAT for paper result. SlipP = 0.05, Floor = 1/4
0.74, 0.80, 0.77, 20, 0.03752033772374014, Standard StAT for paper result. SlipP = 0.05, Floor = 1/4
0.64, 0.86, 0.81, 20, 0.06070807443828944, Standard StAT for paper result. SlipP = 0.05, Floor = 1/4
0.48, 0.61, 0.66, 20, 0.07419011089732415, Standard StAT for paper result. SlipP = 0.05, Floor = 1/4
2.01, 2.75, 2.67, 20, 0.029037973965930157, Standard StAT for paper result. SlipP = 0.05, Floor = 1/4
1.12, 1.60, 2.02, 20, 0.2619359988664406, Standard StAT for paper result. SlipP = 0.05, Floor = 1/4
2.06, 3.09, 3.41, 20, 0.10565724970786677, Standard StAT for paper result. SlipP = 0.05, Floor = 1/4
2.60, 3.13, 3.34, 20, 0.06940817252379841, Standard StAT for paper result. SlipP = 0.05, Floor = 1/4
4.22, 5.23, 5.43, 20, 0.03807954850186725, Standard StAT for paper result. SlipP = 0.05, Floor = 1/4
1.98, 2.84, 3.16, 20, 0.115080446589157, Standard StAT for paper result. SlipP = 0.05, Floor = 1/4
3.50, 5.46, 4.58, 20, 0.1611207270413463, Standard StAT for paper result. SlipP = 0.05, Floor = 1/4
0.80, 1.14, 1.12, 20, 0.01495295273385333, Standard StAT for paper result. SlipP = 0.05, Floor = 1/4
1.60, 2.10, 2.41, 20, 0.14491103181153067, Standard StAT for paper result. SlipP = 0.05, Floor = 1/4
1.42, 1.66, 1.76, 20, 0.06080570178089335, Standard StAT for paper result. SlipP = 0.05, Floor = 1/4
3.52, 4.40, 4.38, 20, 0.00509471327254101, Standard StAT for paper result. SlipP = 0.05, Floor = 1/4
3.30, 4.59, 4.69, 20, 0.022466794724651105, Standard StAT for paper result. SlipP = 0.05, Floor = 1/4
1.67, 2.66, 3.16, 20, 0.19007804591426494, Standard StAT for paper result. SlipP = 0.05, Floor = 1/4
0.54, 0.72, 0.71, 20, 0.020046112349776414, Standard StAT for paper result. SlipP = 0.05, Floor = 1/4
1.47, 2.37, 2.04, 20, 0.13823207741995286, Standard StAT for paper result. SlipP = 0.05, Floor = 1/4
1.45, 1.73, 1.64, 20, 0.05645622424103523, Standard StAT for paper result. SlipP = 0.05, Floor = 1/4
2.54, 3.90, 3.18, 20, 0.1830044103842517, Standard StAT for paper result. SlipP = 0.05, Floor = 1/4
1.19, 1.62, 1.25, 20, 0.22570334386580884, Standard StAT for paper result. SlipP = 0.05, Floor = 1/4
3.91, 5.64, 5.79, 20, 0.026816522200209785, Standard StAT for paper result. SlipP = 0.05, Floor = 1/4
1.32, 1.81, 1.63, 20, 0.09632873053869924, Standard StAT for paper result. SlipP = 0.05, Floor = 1/4
0.66, 0.95, 0.96, 20, 0.01213756870163963, Standard StAT for paper result. SlipP = 0.05, Floor = 1/4
2.97, 3.99, 3.63, 20, 0.08951949117852408, Standard StAT for paper result. SlipP = 0.05, Floor = 1/4
3.68, 4.94, 5.20, 20, 0.05296055646233041, Standard StAT for paper result. SlipP = 0.05, Floor = 1/4
0.86, 1.16, 1.09, 20, 0.060394247436811745, Standard StAT for paper result. SlipP = 0.05, Floor = 1/4
0.72, 1.13, 1.02, 20, 0.10002406087896007, Standard StAT for paper result. SlipP = 0.05, Floor = 1/4
2.93, 3.77, 3.64, 20, 0.0338903071431715, Standard StAT for paper result. SlipP = 0.05, Floor = 1/4
6.15, 8.52, 7.74, 20, 0.09089394954697766, Standard StAT for paper result. SlipP = 0.05, Floor = 1/4
1.94, 2.82, 2.75, 20, 0.0218633962545833, Standard StAT for paper result. SlipP = 0.05, Floor = 1/4
0.63, 0.80, 0.82, 20, 0.022635673355010426, Standard StAT for paper result. SlipP = 0.05, Floor = 1/4
4.99, 8.04, 8.38, 20, 0.04146051887183147, Standard StAT for paper result. SlipP = 0.05, Floor = 1/4
3.70, 5.47, 4.82, 20, 0.11926993538727497, Standard StAT for paper result. SlipP = 0.05, Floor = 1/4
1.83, 2.61, 2.38, 20, 0.08772858680585179, Standard StAT for paper result. SlipP = 0.05, Floor = 1/4
1.66, 2.70, 2.24, 20, 0.16801884918934704, Standard StAT for paper result. SlipP = 0.05, Floor = 1/4
0.68, 0.93, 0.91, 20, 0.016892236391351935, Standard StAT for paper result. SlipP = 0.05, Floor = 1/4
4.10, 4.98, 4.46, 20, 0.10545245410162683, Standard StAT for paper result. SlipP = 0.05, Floor = 1/4
0.80, 1.10, 1.03, 20, 0.06689679092033204, Standard StAT for paper result. SlipP = 0.05, Floor = 1/4
2.71, 3.98, 4.66, 20, 0.17013809908160826, Standard StAT for paper result. SlipP = 0.05, Floor = 1/4
0.44, 0.64, 0.58, 20, 0.08213411660830068, Standard StAT for paper result. SlipP = 0.05, Floor = 1/4
1.66, 2.54, 2.49, 20, 0.019363204199871625, Standard StAT for paper result. SlipP = 0.05, Floor = 1/4
3.43, 4.01, 4.24, 20, 0.0563472120259796, Standard StAT for paper result. SlipP = 0.05, Floor = 1/4
0.67, 0.95, 0.97, 20, 0.030080941622323817, Standard StAT for paper result. SlipP = 0.05, Floor = 1/4
1.64, 2.15, 2.24, 20, 0.04099658749817491, Standard StAT for paper result. SlipP = 0.05, Floor = 1/4
1.76, 2.42, 3.33, 20, 0.3762285398825184, Standard StAT for paper result. SlipP = 0.05, Floor = 1/4
1.36, 1.99, 2.02, 20, 0.015055845892937071, Standard StAT for paper result. SlipP = 0.05, Floor = 1/4
2.97, 4.08, 4.08, 20, 0.0010205437693625236, Standard StAT for paper result. SlipP = 0.05, Floor = 1/4
1.52, 2.28, 2.07, 20, 0.09169905479687775, Standard StAT for paper result. SlipP = 0.05, Floor = 1/4
5.33, 6.12, 6.08, 20, 0.006729496570316375, Standard StAT for paper result. SlipP = 0.05, Floor = 1/4
0.46, 0.72, 0.78, 20, 0.07792459571414144, Standard StAT for paper result. SlipP = 0.05, Floor = 1/4
0.86, 1.13, 1.09, 20, 0.032086293198559344, Standard StAT for paper result. SlipP = 0.05, Floor = 1/4
2.33, 3.10, 2.65, 20, 0.1442933467599418, Standard StAT for paper result. SlipP = 0.05, Floor = 1/4
0.51, 0.75, 0.78, 20, 0.04000394466803559, Standard StAT for paper result. SlipP = 0.05, Floor = 1/4
0.83, 1.07, 1.15, 20, 0.08045235333145485, Standard StAT for paper result. SlipP = 0.05, Floor = 1/4
1.57, 2.26, 2.44, 20, 0.0802853093320818, Standard StAT for paper result. SlipP = 0.05, Floor = 1/4
0.63, 0.85, 0.87, 20, 0.02803235336396355, Standard StAT for paper result. SlipP = 0.05, Floor = 1/4
1.11, 1.47, 1.46, 20, 0.007787294264560662, Standard StAT for paper result. SlipP = 0.05, Floor = 1/4
1.12, 1.66, 1.49, 20, 0.09927040049807839, Standard StAT for paper result. SlipP = 0.05, Floor = 1/4
1.37, 1.76, 1.66, 20, 0.05939701883356885, Standard StAT for paper result. SlipP = 0.05, Floor = 1/4
2.21, 2.48, 2.40, 20, 0.029362875767057824, Standard StAT for paper result. SlipP = 0.05, Floor = 1/4
1.41, 2.29, 1.96, 20, 0.14433332147480202, Standard StAT for paper result. SlipP = 0.05, Floor = 1/4
0.69, 1.04, 1.30, 20, 0.24972838956802237, Standard StAT for paper result. SlipP = 0.05, Floor = 1/4
2.29, 2.99, 2.83, 20, 0.05334179363612412, Standard StAT for paper result. SlipP = 0.05, Floor = 1/4
1.87, 2.62, 2.55, 20, 0.029673442388842928, Standard StAT for paper result. SlipP = 0.05, Floor = 1/4
1.71, 2.31, 2.32, 20, 0.0019503978110155926, Standard StAT for paper result. SlipP = 0.05, Floor = 1/4
1.16, 1.95, 2.39, 20, 0.22911386505618994, Standard StAT for paper result. SlipP = 0.05, Floor = 1/4
2.09, 2.94, 2.76, 20, 0.06152254153262187, Standard StAT for paper result. SlipP = 0.05, Floor = 1/4
0.94, 1.33, 1.21, 20, 0.0909495227775505, Standard StAT for paper result. SlipP = 0.05, Floor = 1/4
4.27, 5.58, 4.95, 20, 0.11153702826726601, Standard StAT for paper result. SlipP = 0.05, Floor = 1/4
3.94, 4.59, 5.14, 20, 0.120207238849147, Standard StAT for paper result. SlipP = 0.05, Floor = 1/4
1.24, 1.71, 1.57, 20, 0.08040232212917779, Standard StAT for paper result. SlipP = 0.05, Floor = 1/4
1.68, 2.62, 2.51, 20, 0.041773096488222826, Standard StAT for paper result. SlipP = 0.05, Floor = 1/4
1.85, 2.77, 2.57, 20, 0.07103689430880449, Standard StAT for paper result. SlipP = 0.05, Floor = 1/4
4.35, 5.14, 5.16, 20, 0.005627097057475585, Standard StAT for paper result. SlipP = 0.05, Floor = 1/4
0.54, 0.85, 1.03, 20, 0.21185351940975097, Standard StAT for paper result. SlipP = 0.05, Floor = 1/4
0.51, 0.85, 0.74, 20, 0.12150588924787573, Standard StAT for paper result. SlipP = 0.05, Floor = 1/4
1.77, 2.53, 2.90, 20, 0.14317584073307396, Standard StAT for paper result. SlipP = 0.05, Floor = 1/4
6.85, 9.89, 9.55, 20, 0.033932186518239454, Standard StAT for paper result. SlipP = 0.05, Floor = 1/4
4.57, 4.69, 4.81, 20, 0.025030975304452974, Standard StAT for paper result. SlipP = 0.05, Floor = 1/4
1.03, 1.53, 1.43, 20, 0.06689939003236735, Standard StAT for paper result. SlipP = 0.05, Floor = 1/4
4.42, 6.13, 6.30, 20, 0.027519271649238144, Standard StAT for paper result. SlipP = 0.05, Floor = 1/4
3.98, 5.55, 5.97, 20, 0.07625541805948409, Standard StAT for paper result. SlipP = 0.05, Floor = 1/4
7.15, 8.69, 8.89, 20, 0.023667922281109508, Standard StAT for paper result. SlipP = 0.05, Floor = 1/4
0.80, 1.15, 1.10, 20, 0.04388655433485744, Standard StAT for paper result. SlipP = 0.05, Floor = 1/4
1.51, 1.93, 2.31, 20, 0.20104615906669154, Standard StAT for paper result. SlipP = 0.05, Floor = 1/4
1.96, 3.22, 2.74, 20, 0.15073548843110524, Standard StAT for paper result. SlipP = 0.05, Floor = 1/4
1.51, 1.86, 1.86, 20, 0.00113899376382866, Standard StAT for paper result. SlipP = 0.05, Floor = 1/4
7.19, 9.08, 8.83, 20, 0.02715695392685278, Standard StAT for paper result. SlipP = 0.05, Floor = 1/4
4.37, 7.35, 7.18, 20, 0.023681666840636058, Standard StAT for paper result. SlipP = 0.05, Floor = 1/4
1.03, 1.41, 1.37, 20, 0.028538355934859084, Standard StAT for paper result. SlipP = 0.05, Floor = 1/4
4.59, 6.65, 6.40, 20, 0.037304038325537726, Standard StAT for paper result. SlipP = 0.05, Floor = 1/4
0.99, 1.62, 1.66, 20, 0.0238155582369735, Standard StAT for paper result. SlipP = 0.05, Floor = 1/4
3.66, 4.10, 4.25, 20, 0.03602230381815466, Standard StAT for paper result. SlipP = 0.05, Floor = 1/4
2.47, 3.65, 3.93, 20, 0.07605523513472562, Standard StAT for paper result. SlipP = 0.05, Floor = 1/4
0.66, 0.87, 0.94, 20, 0.07466020147695203, Standard StAT for paper result. SlipP = 0.05, Floor = 1/4
2.34, 2.72, 3.02, 20, 0.1120830241357335, Standard StAT for paper result. SlipP = 0.05, Floor = 1/4
2.56, 3.94, 3.39, 20, 0.14097803111237187, Standard StAT for paper result. SlipP = 0.05, Floor = 1/4
0.83, 1.24, 1.10, 20, 0.11091420163273606, Standard StAT for paper result. SlipP = 0.05, Floor = 1/4
1.33, 1.71, 1.88, 20, 0.10306434135866496, Standard StAT for paper result. SlipP = 0.05, Floor = 1/4
2.08, 2.70, 2.56, 20, 0.049655674244240285, Standard StAT for paper result. SlipP = 0.05, Floor = 1/4
5.79, 6.16, 6.37, 20, 0.03449448821449738, Standard StAT for paper result. SlipP = 0.05, Floor = 1/4
1.15, 1.82, 1.88, 20, 0.03325341155461945, Standard StAT for paper result. SlipP = 0.05, Floor = 1/4
3.87, 4.16, 4.15, 20, 0.0025588277212707056, Standard StAT for paper result. SlipP = 0.05, Floor = 1/4
0.93, 1.19, 1.18, 20, 0.00985229643887087, Standard StAT for paper result. SlipP = 0.05, Floor = 1/4
0.83, 0.87, 0.90, 20, 0.02561537260757211, Standard StAT for paper result. SlipP = 0.05, Floor = 1/4
0.43, 0.58, 0.62, 20, 0.08310258271938996, Standard StAT for paper result. SlipP = 0.05, Floor = 1/4
5.28, 7.81, 7.11, 20, 0.0892146751384741, Standard StAT for paper result. SlipP = 0.05, Floor = 1/4
5.70, 8.21, 8.15, 20, 0.007664624319788199, Standard StAT for paper result. SlipP = 0.05, Floor = 1/4
2.97, 4.05, 4.21, 20, 0.03836826715117816, Standard StAT for paper result. SlipP = 0.05, Floor = 1/4
1.79, 3.02, 3.01, 20, 0.0030254305849575203, Standard StAT for paper result. SlipP = 0.05, Floor = 1/4
6.36, 9.59, 9.29, 20, 0.03115906128846694, Standard StAT for paper result. SlipP = 0.05, Floor = 1/4
4.44, 6.46, 5.48, 20, 0.15165659059424494, Standard StAT for paper result. SlipP = 0.05, Floor = 1/4
2.02, 2.73, 2.48, 20, 0.09315823082242658, Standard StAT for paper result. SlipP = 0.05, Floor = 1/4
2.61, 3.67, 3.32, 20, 0.09565728510852411, Standard StAT for paper result. SlipP = 0.05, Floor = 1/4
1.10, 1.30, 1.37, 20, 0.054482246936579645, Standard StAT for paper result. SlipP = 0.05, Floor = 1/4
0.46, 0.59, 0.64, 20, 0.09797365202541296, Standard StAT for paper result. SlipP = 0.05, Floor = 1/4
3.20, 4.34, 4.70, 20, 0.08264406025288437, Standard StAT for paper result. SlipP = 0.05, Floor = 1/4
1.32, 1.57, 1.52, 20, 0.031354754479486886, Standard StAT for paper result. SlipP = 0.05, Floor = 1/4
0.39, 0.60, 0.57, 20, 0.04686143067393314, Standard StAT for paper result. SlipP = 0.05, Floor = 1/4
0.54, 0.81, 0.86, 20, 0.0602199706334668, Standard StAT for paper result. SlipP = 0.05, Floor = 1/4
7.24, 9.52, 9.84, 20, 0.03374130615341388, Standard StAT for paper result. SlipP = 0.05, Floor = 1/4
0.56, 0.84, 0.83, 20, 0.0016267276382409591, Standard StAT for paper result. SlipP = 0.05, Floor = 1/4
0.48, 0.64, 0.59, 20, 0.0733484095391394, Standard StAT for paper result. SlipP = 0.05, Floor = 1/4
1.13, 1.67, 1.66, 20, 0.007559623061631747, Standard StAT for paper result. SlipP = 0.05, Floor = 1/4
7.44, 8.81, 8.79, 20, 0.0027188203000807513, Standard StAT for paper result. SlipP = 0.05, Floor = 1/4
1.83, 2.10, 2.46, 20, 0.1726469354705182, Standard StAT for paper result. SlipP = 0.05, Floor = 1/4
1.04, 1.44, 1.37, 20, 0.045270894008343776, Standard StAT for paper result. SlipP = 0.05, Floor = 1/4
7.73, 9.99, 9.64, 20, 0.03553223742975461, Standard StAT for paper result. SlipP = 0.05, Floor = 1/4
1.00, 1.41, 1.74, 20, 0.23373930730952686, Standard StAT for paper result. SlipP = 0.05, Floor = 1/4
0.83, 1.23, 1.36, 20, 0.10309254073849469, Standard StAT for paper result. SlipP = 0.05, Floor = 1/4
0.76, 1.12, 1.03, 20, 0.07598681138722616, Standard StAT for paper result. SlipP = 0.05, Floor = 1/4
1.64, 2.48, 2.38, 20, 0.04117719286760844, Standard StAT for paper result. SlipP = 0.05, Floor = 1/4
0.57, 0.87, 0.94, 20, 0.08171272834171307, Standard StAT for paper result. SlipP = 0.05, Floor = 1/4
4.43, 5.31, 5.33, 20, 0.0037889600484280377, Standard StAT for paper result. SlipP = 0.05, Floor = 1/4
2.92, 4.59, 3.96, 20, 0.13724511973296522, Standard StAT for paper result. SlipP = 0.05, Floor = 1/4
0.96, 1.39, 1.47, 20, 0.05779156675752453, Standard StAT for paper result. SlipP = 0.05, Floor = 1/4
3.70, 6.14, 5.97, 20, 0.02782665724882439, Standard StAT for paper result. SlipP = 0.05, Floor = 1/4
2.08, 3.15, 2.75, 20, 0.12696915889787325, Standard StAT for paper result. SlipP = 0.05, Floor = 1/4
7.40, 9.39, 9.38, 20, 0.0014844371015759143, Standard StAT for paper result. SlipP = 0.05, Floor = 1/4
1.79, 2.07, 1.97, 20, 0.047228510196023046, Standard StAT for paper result. SlipP = 0.05, Floor = 1/4
2.25, 3.09, 3.16, 20, 0.023126652332086835, Standard StAT for paper result. SlipP = 0.05, Floor = 1/4
1.67, 2.41, 2.56, 20, 0.06231453139637517, Standard StAT for paper result. SlipP = 0.05, Floor = 1/4
3.34, 5.17, 4.61, 20, 0.10842858862157523, Standard StAT for paper result. SlipP = 0.05, Floor = 1/4
2.93, 4.30, 4.29, 20, 0.003367743785070399, Standard StAT for paper result. SlipP = 0.05, Floor = 1/4
0.68, 0.87, 0.90, 20, 0.03788914287492472, Standard StAT for paper result. SlipP = 0.05, Floor = 1/4
2.40, 3.34, 4.37, 20, 0.30627339202358067, Standard StAT for paper result. SlipP = 0.05, Floor = 1/4
0.71, 0.99, 0.90, 20, 0.09145165266530458, Standard StAT for paper result. SlipP = 0.05, Floor = 1/4
2.02, 3.27, 3.65, 20, 0.11591080162488285, Standard StAT for paper result. SlipP = 0.05, Floor = 1/4
1.43, 1.71, 1.73, 20, 0.014157851228754624, Standard StAT for paper result. SlipP = 0.05, Floor = 1/4
2.49, 3.46, 3.27, 20, 0.056086074466069384, Standard StAT for paper result. SlipP = 0.05, Floor = 1/4
0.68, 1.03, 0.89, 20, 0.13321163104819084, Standard StAT for paper result. SlipP = 0.05, Floor = 1/4
1.81, 2.93, 2.98, 20, 0.016142938358795742, Standard StAT for paper result. SlipP = 0.05, Floor = 1/4
0.82, 1.20, 1.55, 20, 0.29011496523351726, Standard StAT for paper result. SlipP = 0.05, Floor = 1/4
1.16, 1.34, 1.35, 20, 0.005355332236138564, Standard StAT for paper result. SlipP = 0.05, Floor = 1/4
0.48, 0.58, 0.57, 20, 0.023669189341475955, Standard StAT for paper result. SlipP = 0.05, Floor = 1/4
4.26, 6.51, 5.82, 20, 0.1064721483700858, Standard StAT for paper result. SlipP = 0.05, Floor = 1/4
9.01, 9.92, 9.75, 20, 0.016681840847423263, Standard StAT for paper result. SlipP = 0.05, Floor = 1/4
0.44, 0.59, 0.61, 20, 0.02528060789601395, Standard StAT for paper result. SlipP = 0.05, Floor = 1/4
3.19, 3.67, 3.71, 20, 0.009279455930002456, Standard StAT for paper result. SlipP = 0.05, Floor = 1/4
1.92, 2.38, 2.45, 20, 0.032072542509850616, Standard StAT for paper result. SlipP = 0.05, Floor = 1/4
1.61, 2.19, 2.28, 20, 0.03931301890837728, Standard StAT for paper result. SlipP = 0.05, Floor = 1/4
1.55, 2.21, 2.17, 20, 0.018197042078635473, Standard StAT for paper result. SlipP = 0.05, Floor = 1/4
6.07, 6.65, 6.75, 20, 0.013796232182340377, Standard StAT for paper result. SlipP = 0.05, Floor = 1/4
3.75, 6.18, 6.35, 20, 0.027354046992319192, Standard StAT for paper result. SlipP = 0.05, Floor = 1/4
0.40, 0.52, 0.58, 20, 0.1180786441074909, Standard StAT for paper result. SlipP = 0.05, Floor = 1/4
2.38, 2.96, 3.08, 20, 0.038179844724419876, Standard StAT for paper result. SlipP = 0.05, Floor = 1/4
1.45, 2.25, 2.06, 20, 0.08761889014461118, Standard StAT for paper result. SlipP = 0.05, Floor = 1/4
1.08, 1.74, 1.91, 20, 0.09365398593726654, Standard StAT for paper result. SlipP = 0.05, Floor = 1/4
5.69, 5.77, 6.38, 20, 0.10653625893268293, Standard StAT for paper result. SlipP = 0.05, Floor = 1/4
2.41, 2.61, 2.61, 20, 0.0023515448843023532, Standard StAT for paper result. SlipP = 0.05, Floor = 1/4
7.49, 8.48, 8.63, 20, 0.01738440432417828, Standard StAT for paper result. SlipP = 0.05, Floor = 1/4
0.98, 1.47, 1.31, 20, 0.11081473374498058, Standard StAT for paper result. SlipP = 0.05, Floor = 1/4
2.60, 4.42, 3.63, 20, 0.17824068021379091, Standard StAT for paper result. SlipP = 0.05, Floor = 1/4
5.69, 6.50, 6.52, 20, 0.002786774829772601, Standard StAT for paper result. SlipP = 0.05, Floor = 1/4
1.86, 2.76, 2.51, 20, 0.08987037766780119, Standard StAT for paper result. SlipP = 0.05, Floor = 1/4
1.90, 2.35, 2.68, 20, 0.14050310681277361, Standard StAT for paper result. SlipP = 0.05, Floor = 1/4
0.45, 0.73, 0.79, 20, 0.07823115512107745, Standard StAT for paper result. SlipP = 0.05, Floor = 1/4
3.31, 5.30, 4.65, 20, 0.12302193208736592, Standard StAT for paper result. SlipP = 0.05, Floor = 1/4
1.06, 1.50, 1.30, 20, 0.13308227670530634, Standard StAT for paper result. SlipP = 0.05, Floor = 1/4
2.40, 2.64, 2.56, 20, 0.028407510757649794, Standard StAT for paper result. SlipP = 0.05, Floor = 1/4
1.52, 2.03, 2.16, 20, 0.06664252927208268, Standard StAT for paper result. SlipP = 0.05, Floor = 1/4
0.80, 1.04, 1.19, 20, 0.13874232800488806, Standard StAT for paper result. SlipP = 0.05, Floor = 1/4
3.90, 5.16, 5.45, 20, 0.05440176423314816, Standard StAT for paper result. SlipP = 0.05, Floor = 1/4
2.43, 2.70, 2.79, 20, 0.03577459717598917, Standard StAT for paper result. SlipP = 0.05, Floor = 1/4
